,kreis_key,income_pp_2000,income_pp_2001,income_pp_2002,income_pp_2003,income_pp_2004,income_pp_2005,income_pp_2006,income_pp_2007,income_pp_2008,income_pp_2009,income_pp_2010,income_pp_2011,income_pp_2012,income_pp_2013,income_pp_2014,income_pp_2015,income_pp_2016,income_pp_2017,income_pp_2018
1,01001,14763,15144,15177,15499,15453,16215,16827,17521,17409,17344,17256,17551,17964,17987,18007,18255,18128,18498,18773
2,01002,14348,14833,14909,15295,15354,15770,15940,16322,16563,16675,16771,17055,17416,17906,17677,18119,18469,18943,19392
3,01003,14467,14977,15191,15890,16157,16538,16697,16921,17042,17047,17024,17351,17823,17936,18182,19008,19122,19658,20120
4,01004,14766,15487,15216,15324,15032,15438,15697,16022,16142,16198,16146,16495,17037,17403,17956,18121,18795,19275,19775
5,01051,14038,14651,14687,15283,15777,16071,16290,16738,17251,17282,17617,18353,18944,19475,20090,20900,21401,22055,22498
6,01053,16819,17440,17315,17718,17897,18361,18529,18899,19363,19684,19928,20616,21302,21204,21539,22075,22628,23102,23652
7,01054,14560,15159,15065,15700,15988,16685,17319,18007,18756,18930,19325,20189,20723,21597,22613,23360,23930,24470,25129
8,01055,15328,15888,15963,16754,17109,17414,17493,17745,18188,18442,18756,19447,20103,20281,20855,21267,21883,22519,23179
9,01056,18138,18836,18628,19189,19193,19605,19697,19963,20466,20797,21119,21765,22395,22525,22607,23177,23684,24150,24708
10,01057,15255,15960,16035,16573,16825,17061,17138,17370,17890,18189,18626,19392,20117,20455,20878,21292,22110,22813,23369
11,01058,15520,16232,16177,16666,16854,17302,17547,17936,18403,18569,18937,19734,20487,20869,21526,22019,22309,22839,23410
12,01059,14413,14944,14968,15620,15983,16471,16903,17430,17731,17692,17854,18606,19251,19728,20179,21174,21578,22087,22510
13,01060,16853,17429,17200,17551,17571,18018,18173,18713,18965,19271,19440,20070,20705,21066,21508,21976,22434,22840,23323
14,01061,14786,15324,15305,15821,16086,16475,16721,17145,17651,17722,18091,18778,19462,19545,19808,20076,20833,21517,21991
15,01062,19098,19852,19824,20574,20730,21171,21240,21405,21590,21767,21857,22552,23238,23037,23303,23847,24423,25011,25737
16,02000,17969,19035,18812,20264,20004,21138,21496,21441,21444,20813,21421,22094,22312,22783,22577,23178,23853,24245,25029
19,03101,15979,16494,16727,17127,17238,17547,17872,18051,18351,18426,18617,19252,19739,19991,20329,20934,21303,21932,22612
20,03102,14789,15255,15328,15536,15631,15897,16111,16417,16889,17118,17515,18072,18560,18759,19129,19460,19405,19568,20016
21,03103,16418,17026,17450,17850,18160,18369,18480,18619,19036,19458,19980,21117,22055,22561,23051,23613,23461,24015,24712
22,03151,15095,15761,15751,16093,16237,16467,16797,17086,17629,18029,18659,19923,20925,21434,21979,22453,22640,23182,23879
23,03152,.,.,.,.,.,.,.,.,.,.,.,.,.,.,.,.,-,-,-
24,03153,14861,15291,15440,15900,16072,16313,16599,16746,17147,17315,17609,18124,18554,18753,19085,19553,19999,20610,21306
25,03154,15614,16257,16297,16619,16735,16918,17143,17213,17869,18241,18808,19644,20398,20931,21560,22000,22231,22745,23466
26,03155,14803,15383,15385,15772,15792,16120,16530,16807,17282,17416,17798,18480,19061,19389,19916,20429,20938,21636,22303
27,03156,.,.,.,.,.,.,.,.,.,.,.,.,.,.,.,.,-,-,-
28,03157,15288,15851,15864,16122,16229,16408,16683,16873,17358,17633,18056,18837,19481,19726,20221,20578,21114,21624,22202
29,03158,15211,15679,15580,15840,15915,16225,16585,16852,17392,17607,18128,19000,19684,20033,20473,20930,21292,21952,22655
30,03159,14171,14902,15044,15497,16158,15840,16041,16881,16547,16662,17537,18032,18459,18713,19177,19403,19986,20553,21130
32,03241,16009,16588,16516,16734,16704,17171,17624,17916,18261,18381,18675,19217,19624,19659,20040,20393,20856,21287,21859
34,03251,15738,16493,16265,16744,16972,17324,17676,17856,18432,18550,19058,19960,20479,20842,21524,21735,22287,22933,23428
35,03252,15355,15876,15805,16114,16129,16461,16881,17139,17621,17792,18217,18911,19504,19681,19957,20350,20964,21572,22142
36,03254,15260,15843,15805,16118,16163,16415,16723,16875,17273,17433,17769,18360,18865,18971,19480,19878,20505,21039,21685
37,03255,14960,15570,15387,15602,15515,15893,16286,16495,17048,17266,17675,18280,18789,18892,19245,19773,20165,20784,21438
38,03256,14455,14990,14846,15283,15462,15660,15965,16138,16687,16865,17371,18106,18570,19053,19430,19810,20134,20749,21191
39,03257,15469,16296,16096,16440,16299,16622,16905,17016,17486,17745,18089,18769,19355,19645,20069,20369,20924,21395,22019
41,03351,14482,15173,14524,14237,13945,14464,15263,16321,16776,16934,17272,17938,18466,18811,19195,19430,20079,20623,21170
42,03352,14357,15029,14823,15190,15331,15787,16324,16707,17315,17466,17978,18720,19171,19463,19906,20195,20882,21574,22110
43,03353,18040,19025,19098,19894,20116,20634,20998,21000,21337,21570,21804,22345,22747,23168,23485,23795,24380,24897,25687
44,03354,13505,14089,14093,14554,14834,15190,15659,15978,16475,16306,16681,17475,17914,18287,18729,18900,19356,20386,20823
45,03355,14479,15159,15172,15586,15698,15971,16270,16398,16904,17157,17631,18142,18496,18720,19544,19496,20288,20779,21334
46,03356,15726,16423,16307,16725,16720,17079,17554,17740,18108,18290,18730,19350,19791,20236,20679,20995,21780,22497,23123
47,03357,14595,15305,15045,15401,15593,16097,16608,16934,17418,17499,17932,18879,19531,20057,20452,20765,21368,22050,22600
48,03358,14420,15034,14996,15392,15496,15746,16118,16297,16769,16952,17401,18115,18639,18991,19425,19586,20113,20793,21370
49,03359,15824,16573,16454,16852,16993,17440,17890,18160,18571,18674,19140,19770,20136,20529,20972,21274,21871,22505,23076
50,03360,14140,14748,14623,15012,15169,15369,15661,15882,16587,16759,17281,18152,18676,19282,19451,19492,19934,20707,21172
51,03361,16403,17285,17052,17569,17521,18136,18742,19040,19495,19770,19978,20665,21173,21470,21782,21845,22601,23096,23780
53,03401,14962,15328,15499,15792,15709,16029,16289,16385,16724,16874,17089,17391,17602,17757,18062,18422,18586,18973,19411
54,03402,13886,14447,14530,15031,15128,15267,15375,15435,15881,16191,16452,16769,17005,17204,17532,17732,17978,18451,19003
55,03403,14346,14774,14971,15451,15551,16026,16554,16716,17028,17251,17468,17725,17937,18009,18381,18819,19296,19545,20091
56,03404,15103,15687,15900,16525,16695,17140,17579,17678,18118,18417,18606,19088,19466,19685,19749,19903,20484,20768,21428
57,03405,13386,13871,14027,14278,14293,14656,15015,15222,15528,15544,15585,15907,16378,16573,16954,17445,17809,18149,18511
58,03451,14769,15702,15473,15957,16011,16647,17229,17570,18042,18170,18528,19288,19704,19942,20474,20673,21305,21945,22451
59,03452,13185,13756,13565,13859,13870,14281,14766,15052,15573,15879,16239,17344,18274,17874,18494,18990,19486,20072,20679
60,03453,13323,14159,13947,14377,14548,14845,15267,15525,16224,16326,16953,17832,18145,18656,19363,19246,19987,20632,20747
61,03454,13298,14034,13824,14198,14322,14865,15491,15933,16408,16553,16962,17912,18426,18874,19539,20045,20507,21126,21529
62,03455,13948,14505,14345,14649,14738,15014,15399,15573,16202,16396,16859,17623,18261,18688,19103,19409,19954,20557,21071
63,03456,13850,14343,14002,14289,14273,14578,14983,15226,15717,15790,16232,17040,17574,17996,18493,18701,19315,20001,20452
64,03457,12874,13417,13295,13659,13782,14259,14816,15208,15558,15496,15622,16249,16786,17061,17582,18076,18662,19200,19703
65,03458,14836,15717,15501,16041,16235,16663,17151,17430,18117,18377,18858,19781,20395,20759,21457,21380,22206,22802,23338
66,03459,15031,15880,15821,16384,16510,16948,17440,17696,18065,18229,18541,19361,19921,20307,20812,21134,21697,22434,23030
67,03460,15130,16257,15885,16559,16888,17452,18107,18478,18818,18768,19058,19945,20272,20543,20925,21169,21723,22355,22694
68,03461,14298,14831,14773,15110,15365,15728,16139,16481,16996,17151,17673,18497,19050,19344,19726,20019,20724,21377,21936
69,03462,13097,13706,13596,14038,14352,14839,15408,15780,16232,16178,16470,17359,18011,18590,19053,19273,20020,20729,21235
71,04011,16317,17132,16937,17129,16761,17862,18268,18796,19985,19244,18758,19129,19897,20009,20185,20365,20701,21239,22116
72,04012,14607,15486,14574,15076,14813,15611,15318,15735,15378,14947,16746,16959,16654,16911,17278,17062,17212,18071,18296
75,05111,19463,19912,19866,20348,20819,21137,21458,21514,22181,21363,22006,22588,22854,23416,23276,23998,24728,25360,26087
76,05112,13287,13695,13833,14084,14299,14228,14235,14297,14754,14666,15039,15422,15651,15723,15986,16192,16292,16590,17126
77,05113,16358,16679,16770,17031,17171,17272,17455,17546,18120,17695,18179,18696,18524,18756,18971,18988,19481,19981,20626
78,05114,15996,16421,16492,16949,17334,17449,17633,17718,18488,18098,18657,19232,19389,19370,19755,20088,20417,20931,21591
79,05116,16207,16690,16584,16976,17281,17315,17465,17468,18155,17751,18298,18886,18864,18838,19248,19231,19692,20155,20841
80,05117,18073,18567,18312,18752,19129,19739,20227,20509,20805,19949,20088,20892,21120,21266,21644,21659,21882,22410,23153
81,05119,14071,14640,14630,14801,15002,14947,14912,14981,15465,15459,16000,16454,16501,16692,17006,17292,17629,18103,18719
82,05120,17412,17809,17764,18258,18523,18819,19253,19566,19833,19028,19231,19923,20233,20474,20854,20913,21187,21610,22325
83,05122,17444,18444,18335,18926,19234,19247,19386,19310,20076,19760,20507,21172,21608,21433,21782,21475,21936,22464,23285
84,05124,16609,17173,17171,17674,17961,18049,18241,18225,18746,18210,18535,19110,19047,19239,19529,19827,20438,20838,21480
85,05154,15135,15831,15390,15657,15953,16080,16329,16535,17028,16587,17264,17936,18372,18534,18813,18902,19389,20159,20716
86,05158,19177,19908,19685,20122,20435,20574,20768,20823,21446,20935,21491,22277,22755,22942,23312,23592,24114,24844,25684
87,05162,18145,18794,18779,19313,19815,19963,20264,20393,20990,20406,20981,21710,22202,22441,22943,23260,23702,24503,25324
88,05166,15988,16678,16638,17156,17601,17761,18086,18313,18877,18450,19081,19823,20234,20407,20904,21165,21726,22418,23204
89,05170,15132,15819,15791,16131,16521,16666,16932,17188,17875,17624,18236,18884,19281,19474,19840,20161,20654,21382,22230
91,05314,17634,17843,17907,18525,19265,19543,19793,20110,20791,20301,20937,21368,21103,21414,21733,22032,22459,22908,23471
92,05315,16726,17190,17307,17964,18544,18612,18724,18754,19254,18655,19114,19517,19719,20104,20330,20872,21304,21716,22402
93,05316,16158,16770,16900,17032,17163,17066,17103,17066,17628,17552,18157,18638,19162,19408,19588,20172,20543,21128,21756
94,05334,15318,16000,15939,16276,16473,16441,16547,16546,17221,16954,17562,18043,18049,18128,18422,18895,19297,19835,20504
96,05354,-,-,-,-,-,-,-,-,-,-,-,-,-,-,-,-,-,-,-
97,05358,14829,15529,15381,15672,16016,16096,16326,16482,17209,17023,17697,18347,18537,18650,19144,19491,19913,20510,21194
98,05362,16364,17139,16983,17259,17538,17576,17699,17833,18546,18448,19201,19866,20056,20254,20471,20868,21335,21960,22675
99,05366,14875,15551,15529,15895,16209,16129,16299,16399,17182,17022,17868,18580,18989,19092,19545,20062,20498,21138,21862
100,05370,13893,14559,14422,14866,15199,15290,15430,15579,16172,15991,16611,17139,17399,17641,18059,18542,19276,19888,20631
101,05374,16295,16773,16714,17285,17779,18120,18613,19116,19486,18790,19212,19936,20530,20626,21036,21212,21688,22302,23194
102,05378,18949,19901,19618,19946,20195,20421,20765,20861,21537,20886,21556,22403,22965,23211,23594,24310,24809,25551,26493
103,05382,17337,18261,17897,18069,18252,18292,18482,18630,19342,19123,19898,20619,20773,21194,21598,22160,22538,23210,24038
105,05512,14343,14963,15004,15233,15509,15612,15812,15944,16532,16426,16959,17488,17794,18179,18355,18786,19008,19548,20250
106,05513,13281,13663,13694,13881,14058,14036,14079,14111,14496,14290,14561,14930,15092,15191,15231,15336,15585,15888,16450
107,05515,16708,17100,17136,17915,18649,19043,19540,19646,20484,20005,20660,20742,20718,20366,20881,21852,21652,22143,22954
108,05554,14945,15676,15330,15666,15969,16240,16598,16888,17476,17125,17820,18549,19290,19359,20085,20418,20976,21693,22433
109,05558,15515,16328,16121,16471,16927,17013,17247,17441,18368,18212,19239,20035,20518,20545,21497,21578,22321,23093,23879
110,05562,14474,15071,15165,15464,15784,15803,15930,16086,16643,16471,17036,17582,17903,18022,18464,18863,19132,19685,20426
111,05566,14768,15388,15367,15790,16202,16393,16685,16900,17487,17241,17857,18517,19241,19658,19954,20345,21026,21651,22402
112,05570,15511,16061,15911,16359,16766,17123,17815,18405,19013,18553,19192,19947,20445,20985,21140,21261,22316,23066,23839
114,05711,16439,17081,17111,17584,17862,17741,17832,17660,18377,18058,18788,19339,19161,19800,20948,20687,21702,22175,23037
115,05754,17707,18407,18108,18700,19031,19409,20015,20414,20870,20059,20445,21143,22090,22400,22597,23103,23765,24337,25241
116,05758,17193,17550,17326,17769,18037,18111,18293,18322,18968,18625,19264,20023,20286,20281,20503,20871,21350,21913,22732
117,05762,14214,14730,14637,15076,15480,15588,15840,16038,16798,16575,17157,17939,18706,19017,19532,19742,20423,21222,22021
118,05766,16060,16653,16525,17010,17316,17616,18030,18270,19100,18838,19568,20275,20434,20220,20678,20698,21147,21764,22592
119,05770,16334,17136,16748,17005,17143,17312,17634,17838,18493,18182,18835,19571,20072,20194,20679,21267,21576,22219,23052
120,05774,14565,15143,15004,15309,15697,15885,16150,16390,17101,16932,17634,18193,19041,19097,19605,19915,20249,20843,21601
122,05911,15100,15784,15791,16092,16332,16412,16575,16692,17168,16880,17292,17784,17962,17997,18366,18784,18936,19415,20048
123,05913,14435,14887,14891,15185,15486,15557,15715,15836,16373,16145,16549,16933,17300,17285,17702,17994,18271,18707,19318
124,05914,15628,16081,16165,16562,16819,16878,17073,17158,17645,17313,17657,18213,18151,18144,18502,18616,18862,19441,20024
125,05915,13666,14015,14000,14159,14380,14503,14701,14895,15429,15363,15831,16159,16400,16507,16922,17068,17332,17822,18453
126,05916,13753,14390,14467,14692,14905,14887,14998,15166,15695,15559,15951,16332,16455,16371,16557,16829,16953,17327,17889
127,05954,17424,18169,18248,18891,19314,19575,20183,20611,21149,20518,20986,21755,21960,21878,22449,22527,22872,23520,24441
128,05958,15786,16452,16407,17005,17525,17748,18084,18281,19070,18738,19391,20201,20629,21003,21365,21776,22704,23394,24345
129,05962,17310,18030,17949,18703,19195,19692,20381,20823,21322,20656,21065,21870,21576,21639,22192,22720,23176,23767,24762
130,05966,17750,18886,18903,20217,21335,21406,21760,21713,22707,22237,23054,23928,24770,23616,24841,25002,26156,26839,28007
131,05970,16157,16811,16798,17393,17853,18357,19017,19523,20165,19729,20326,21094,21153,21136,21488,21465,21753,22450,23302
132,05974,15202,15816,15605,15963,16246,16549,17006,17375,18086,17807,18561,19242,19937,20252,20545,20748,21204,21944,22746
133,05978,14451,15122,15303,15740,16147,16194,16472,16661,17258,17089,17656,18265,18643,18914,19328,19715,20149,20777,21494
136,06411,17147,17555,18051,18327,18461,18943,20379,21517,21044,20794,20775,20103,20585,20917,21565,22016,21903,22479,23290
137,06412,16859,17847,17971,17965,18735,18877,19688,19922,20067,19706,19984,20519,20847,20785,21237,21696,22322,22702,23436
138,06413,15313,15638,15699,15896,15891,16347,16562,16942,17034,17122,17361,17200,17600,17426,17312,17561,18032,18273,18739
139,06414,18095,19034,18967,19177,19491,19756,20262,20410,20554,20357,20751,21353,21729,21608,22007,24018,23882,24472,25338
140,06431,16382,17312,17162,17770,18126,18290,18724,19043,19464,19740,20541,20916,21669,21833,22375,22862,23301,23881,24752
141,06432,16786,18004,17766,18081,18432,18665,19270,19607,20071,20340,21007,21842,22204,22164,22852,22969,23472,23929,24905
142,06433,16224,16927,16971,17355,17506,17459,17528,18161,18405,18520,18908,19494,19716,19825,20260,20579,20883,21271,22014
143,06434,26201,27423,26153,25557,25451,26199,27486,28451,27858,27191,27189,28425,29097,29563,31904,32557,32978,34220,35041
144,06435,16200,17150,17163,17589,17811,17960,18335,18586,18978,19322,19903,20664,21403,21731,21903,22543,23142,23586,24607
145,06436,20197,21043,21573,21473,22150,22470,23131,23312,23724,23427,23999,25018,25587,25410,25907,26372,26936,27476,28550
146,06437,14730,15410,15473,15896,15945,16429,16845,16788,17418,17712,18260,18963,19395,19713,20238,20616,21076,21804,22564
147,06438,18741,20062,19589,19662,19664,19916,20685,20612,20910,20964,21287,21969,22259,22374,22713,22978,23524,24096,24880
148,06439,17292,18119,18273,18890,19336,18873,19896,20319,20345,20846,21446,22232,22857,23081,23849,24064,24505,25056,26153
149,06440,16858,17623,17613,17773,18032,18232,18750,19094,19393,19682,20172,20983,21463,21668,22129,22767,23212,23736,24647
151,06531,14946,15762,15693,15974,16256,16556,17056,17053,17628,17661,18312,18618,18951,19061,19409,20053,20224,20680,21363
152,06532,15752,16732,16633,16991,17320,17660,18534,19095,18875,19079,19366,20065,20681,20762,21570,21881,22244,22737,23693
153,06533,14830,15588,15714,16103,16193,16568,17120,17046,17993,18211,18759,19337,19705,19834,20298,20692,21390,21948,22913
154,06534,14095,14826,14798,14999,15637,15646,16337,16493,17170,17211,17745,18308,18810,19051,19514,19781,20345,20850,21581
155,06535,14085,14919,15117,15518,15730,15991,16517,16703,17226,17289,17876,18995,19297,20359,20650,21270,20599,21318,22146
157,06611,14044,14786,14918,15344,15593,15689,16180,16415,16716,16952,17531,17744,17964,17852,18280,18589,18940,19329,19781
158,06631,14681,15603,15559,15795,15981,16606,17210,17847,18000,17898,18725,19240,19844,20038,20881,21220,21418,22016,22798
159,06632,14395,15292,15248,15628,16042,16021,16583,16862,17457,17612,18023,18710,19030,19282,19560,19981,20535,21177,21905
160,06633,14584,15618,15707,16411,16765,16831,17354,17633,18058,18601,19324,19835,20292,20509,20993,21216,21650,22248,23090
161,06634,14156,14895,14916,15361,15682,15838,16249,16529,17268,17339,18208,18785,19294,19302,19934,20382,20978,21556,22399
162,06635,14632,15337,15556,16342,16780,16568,16695,16638,17254,17683,18352,18991,19464,19496,19990,20364,21018,21663,22456
163,06636,14109,14854,14817,15259,15338,15450,15818,16044,16601,16840,17368,17940,18330,18423,18775,19238,19989,20476,21156
166,07111,16333,17033,16701,16794,17049,17333,17808,18102,18309,18642,18570,19131,19467,19416,19717,20268,20888,21174,21953
167,07131,15845,16474,16394,16843,17510,17733,18254,18626,18990,19705,19736,20429,20754,20943,21173,21958,22566,23119,23954
168,07132,14632,15254,15204,15562,16088,16459,17039,17560,17753,18117,17948,18589,19069,19134,19518,19972,20606,21121,22104
169,07133,15766,16476,16433,16973,17697,17822,18154,18359,18486,18884,18887,19350,19689,19727,20063,20702,21153,21697,22561
170,07134,15116,15687,15516,16004,16664,16940,17518,17839,17992,18495,18295,18860,19151,19349,19670,20023,20663,21096,22010
171,07135,14685,15563,15316,15696,16271,16629,17202,17635,18027,18678,18735,19139,19300,19393,19941,20664,21173,21810,22784
172,07137,15525,16136,16035,16474,17091,17395,17908,18210,18378,18888,18819,19526,19985,20257,20241,20687,21334,21826,22718
173,07138,16174,16920,16711,17091,17691,18225,19086,19700,19630,19988,19532,20148,20708,20496,20942,21463,22068,22484,23438
174,07140,14823,15520,15527,15978,16708,16989,17552,17968,18289,18845,18858,19702,20403,20651,21314,22146,22679,23158,24205
175,07141,15906,16754,16473,16695,17107,17380,17899,18278,18521,19028,19027,19602,19870,20065,20253,20834,21081,21659,22578
176,07143,15985,16859,16602,16995,17576,18040,18751,19258,19459,20067,19893,21072,21454,22556,22193,23152,24477,25205,26109
178,07211,14243,14902,14961,15494,16275,16704,17169,17417,17573,17981,17756,18235,18453,18498,18678,18688,19213,20197,21216
179,07231,15070,15970,15861,16442,17261,17697,18461,18984,19386,20267,20295,20645,20759,20446,20660,20284,21106,21662,22627
180,07232,13818,14708,14562,14944,15667,15920,16481,16964,17345,17711,18129,18618,19143,19299,19722,20406,20762,21543,22680
181,07233,14237,14912,14883,15407,16104,16408,16874,17147,17446,17949,17994,18490,19017,19171,19494,19913,20786,21353,22332
182,07235,14388,15308,15365,15908,16688,17068,17646,18093,18355,18734,18731,19475,19752,20120,20746,21069,21704,22554,23861
184,07311,15395,15931,15946,16307,16825,16870,17174,17372,17703,18140,18458,19137,19932,20048,19943,20949,20458,21097,21859
185,07312,14631,15195,15156,15431,15891,15986,16325,16501,16793,17204,17123,17436,17318,17484,17576,18103,18291,18613,19288
186,07313,16290,17169,17105,17460,18132,18468,18853,19071,19257,19632,19448,19812,19892,20036,20109,20479,20526,20881,21619
187,07314,14490,15045,15147,15483,15860,15993,16411,16773,17042,17410,17500,17791,17936,18131,18281,18888,19098,19394,19842
188,07315,17111,17861,17688,18045,18479,18465,18385,18611,18765,19379,19432,19828,21112,19968,20371,21081,21546,21868,22597
189,07316,18114,19249,18695,18845,19132,19601,20487,21072,21271,21760,21928,22719,23258,23206,23549,24875,24367,25042,25966
190,07317,15340,15855,15658,15930,16148,16360,16921,17283,17386,17636,17474,17789,18038,18009,18181,18674,18816,19115,19741
191,07318,15947,16613,16823,17456,18273,19064,20261,21233,20942,21214,20671,21193,22820,21496,21973,22572,23663,24178,25219
192,07319,15066,15765,15789,16138,16691,16851,17162,17412,17703,18014,18186,18542,18686,18858,19130,19561,20084,20524,21280
193,07320,14533,14914,14800,15030,15303,15690,16347,16886,17123,17522,17653,17986,17918,18259,18378,19104,19344,19840,20654
194,07331,15635,16415,16274,16534,17190,17419,17966,18404,18553,18837,19262,19726,20147,20633,20865,21417,21806,22430,23385
195,07332,17209,17893,17791,18117,18759,19225,19965,20629,20897,21420,21768,22466,22971,23340,23766,24470,25014,25781,26863
196,07333,14168,14851,14898,15279,15886,16188,16788,17343,17491,17763,17883,18417,19130,19069,19647,20147,20493,21106,22077
197,07334,15591,16320,16291,16631,17206,17458,17902,18194,18435,18872,19080,19614,20090,20272,20685,21334,21669,22181,23173
198,07335,14485,15248,15182,15448,15968,16097,16445,16706,17050,17639,17899,18494,18872,19000,19316,19882,20394,20827,21713
199,07336,13965,14497,14493,14728,15028,15275,15719,16074,16461,16797,17007,17565,18036,18376,18882,19267,19591,20157,21080
200,07337,16126,17060,16740,16974,17521,17777,18353,18807,19074,19474,19876,20599,21037,21640,21756,22318,22750,23503,24538
201,07338,17721,18517,18345,18644,19230,19618,20212,20725,21042,21582,22020,22682,23243,23464,23839,24600,25127,25796,26784
202,07339,18753,20080,19862,20386,21297,21780,22507,23030,22974,23459,23250,23281,23071,22702,23794,24747,24690,25267,26326
203,07340,15060,15765,15679,16013,16570,16959,17550,18066,18341,18787,18798,19394,19959,20029,20498,21189,21674,22350,23469
206,08111,19329,20198,20089,20731,21149,21787,22565,22972,23096,22137,22413,23121,23488,23556,24223,24347,24760,25144,25788
207,08115,18338,19132,19060,19452,19811,20081,20412,20620,21105,20799,21537,22364,23060,23262,23742,24266,24484,24908,25597
208,08116,18850,19793,19612,20005,20302,20616,21104,21420,21696,21127,21573,22526,23140,23463,23951,24232,24410,24864,25582
209,08117,16838,17733,17678,18117,18409,18730,19151,19490,19966,19555,20122,21106,21733,22045,22851,22850,23068,23526,24173
210,08118,18945,19958,19674,20043,20284,20652,21154,21496,21713,21066,21548,22476,23153,23507,24186,24522,24981,25470,26203
211,08119,18035,19064,18877,19310,19583,20001,20578,20943,21363,20856,21454,22271,22794,22992,23549,23827,24386,24875,25631
212,08121,17679,18519,19279,21137,22787,24921,27901,30331,33016,33755,37055,36576,34785,33310,30839,29573,35790,35587,36883
213,08125,16319,17245,17179,17626,18006,18491,19124,19694,20261,19937,20762,21773,22419,22767,23173,23301,23834,24306,24968
214,08126,16420,17427,17354,17906,18434,19084,19888,20639,20757,19894,20330,21187,21610,21839,22268,22740,23340,23874,24642
215,08127,14953,15798,15792,16128,16450,16832,17431,17986,18641,18354,19233,20157,20802,21245,22036,22165,22493,23010,23637
216,08128,15251,15843,15798,16194,16414,16785,17358,17849,18477,18211,19045,19779,20321,20576,21132,21517,22131,22853,23546
217,08135,15865,16648,16740,17203,17601,17897,18385,18786,19372,19130,19877,20464,20896,20920,21152,21343,21881,22384,23046
218,08136,15723,16584,16636,17105,17474,17979,18656,19214,19706,19324,19951,20878,21521,21921,22707,22727,23245,23868,24599
220,08211,25133,25229,23987,23945,23923,25003,26262,27180,27430,26185,26527,27512,28208,28201,28121,28976,30866,31944,32416
221,08212,17289,18091,18134,18729,19116,19388,19761,19879,20187,19634,20066,20617,20852,20862,21279,21630,21855,22286,22814
222,08215,16909,17790,17769,18150,18464,18856,19395,19734,20189,19814,20416,21221,21782,21992,22862,22742,23139,23611,24295
223,08216,15920,16759,17031,17544,17969,18116,18483,18791,19286,18985,19582,20401,20959,21253,21803,22093,22493,22977,23646
224,08221,18431,19424,18795,19182,19365,20191,21089,21510,21757,20867,21238,22369,23191,23673,22276,22232,22630,23019,23703
225,08222,15064,16004,16195,16722,17157,17458,17897,18157,18541,18152,18720,19217,19469,19523,19921,19931,21107,21661,22054
226,08225,14368,15288,15331,15632,15856,16156,16688,17115,17691,17510,18244,19078,19725,20115,20580,20985,21387,21935,22648
227,08226,17428,18333,18256,18623,18959,19438,20098,20568,21044,20563,21116,21932,22465,22632,22953,23764,23986,24593,25278
228,08231,18861,20199,19355,19333,19060,19392,19829,19989,20438,19821,20294,21070,21437,21529,22103,21699,21595,22046,22510
229,08235,16696,17590,17435,17762,17972,18318,18879,19252,19825,19563,20243,20995,21524,21683,22250,22529,23294,23836,24437
230,08236,17728,18749,18653,19009,19245,19814,20589,21205,21465,20809,21272,22198,22810,23050,23660,24076,24698,25280,26013
231,08237,16437,17409,17415,17910,18262,18789,19517,20054,20454,19874,20426,21074,21420,21509,22664,23028,23650,24096,24843
233,08311,15711,16652,16382,16918,17220,17581,18016,18078,18658,18395,18939,19499,19630,19753,20302,20703,21176,21581,22135
234,08315,16361,17275,17322,18001,18521,18823,19242,19423,20120,19917,20685,21621,22130,22358,23015,23356,23663,24124,24865
235,08316,15667,16698,16637,17049,17323,17516,17881,18143,18694,18556,19276,20099,20696,21003,21676,21932,22436,22933,23587
236,08317,16019,16584,16717,17350,17814,18145,18624,18883,19265,18824,19388,20238,20776,21097,21658,22035,22789,23289,23948
237,08325,16537,17630,17647,18179,18505,18922,19520,19911,20255,19768,20349,21406,22098,22528,23214,23626,24055,24527,25306
238,08326,16980,17692,17605,18120,18465,19085,19946,20517,20810,20144,20578,21437,21929,22114,22719,23126,23755,24276,24999
239,08327,17158,18279,18179,18780,19013,19658,20499,21069,21403,20797,21377,22379,22966,23253,24227,24036,24962,25289,26022
240,08335,15902,16780,16910,17532,18019,18282,18692,18895,19710,19568,20468,21371,21917,22134,22572,23374,24208,24764,25486
241,08336,16058,16924,17064,17518,17900,18201,18648,18966,19907,19963,21043,22189,22996,23527,24396,25460,25923,26597,27462
242,08337,15805,16810,16728,17028,17198,17397,17768,18011,18884,18878,19874,21009,21831,22344,22767,23976,24340,24858,25622
244,08415,17247,18304,18292,18736,19089,19443,19926,20238,20742,20283,20893,21666,22168,22337,22916,23245,23570,24043,24763
245,08416,15992,16879,16912,17516,17920,18344,18908,19238,19563,18988,19428,20306,20795,21052,21668,22173,22492,22928,23613
246,08417,17858,18747,18290,18553,18524,19083,19823,20323,20893,20541,21243,22144,22741,23063,23607,23584,24367,24975,25743
247,08421,18077,18947,19081,20002,20618,21190,21844,22060,22653,22189,22871,23779,24364,24660,28392,24703,24808,25102,25773
248,08425,16797,17763,17282,17367,17335,17823,18520,19142,19511,19005,19606,20479,21025,21347,21914,22418,22613,23149,23854
249,08426,15562,16615,16441,16623,16775,17331,18030,18724,19225,18859,19625,20586,21188,21561,22103,23020,22977,23387,24077
250,08435,16781,17788,17845,18454,19017,19538,20214,20678,21213,20798,21663,22705,23421,23916,24491,24788,25189,25864,26555
251,08436,16019,16993,16932,17459,17798,18280,18939,19338,19793,19331,20004,20833,21236,21506,21938,22232,22921,23395,24132
252,08437,14317,15122,15168,15669,16075,16543,17180,17660,18306,18045,18864,19626,20078,20329,21087,21234,21530,22162,22902
255,09161,16275,16945,17021,17384,17779,18057,18360,18882,19278,19083,19932,20414,21547,22016,22119,23076,23269,23634,24352
256,09162,22551,23437,23082,23362,23749,24397,24714,24848,24868,23956,24621,25282,26163,26169,29070,27346,30680,31751,32766
257,09163,17446,17965,18551,20023,21818,21410,21117,20693,21119,20676,21279,21996,21082,21612,21403,22219,22387,22679,23416
258,09171,15202,15944,16033,16599,17190,17532,18117,18777,19314,19081,19745,20607,21275,21415,21798,21945,22279,22590,23358
259,09172,16040,16938,16584,16911,17125,17335,17840,18202,18793,18584,19185,19861,20577,21135,21050,21039,21357,21778,22547
260,09173,20183,21318,20560,20925,21164,21548,22013,22433,22995,22439,23236,24232,28633,24948,24454,25098,25284,25801,26750
261,09174,18374,19537,19230,19529,19931,20093,20440,20776,21225,20884,21656,22444,23029,23140,23637,23999,24503,24899,25827
262,09175,20846,21678,21310,21580,22080,22475,22947,23374,23734,23024,23847,24788,25180,25370,25978,26237,26238,26665,27503
263,09176,15538,16188,16214,16569,17156,17469,17908,18476,19110,18983,20043,20945,22101,22454,22998,23417,23493,23844,24771
264,09177,16602,17621,17611,17968,18606,18864,19253,19695,20264,19964,20843,21743,22796,22848,23363,23432,23926,24295,25170
265,09178,17686,18594,18336,18631,19083,19209,19407,19616,20106,19849,20735,21593,22065,22130,22477,22872,23299,23607,24459
266,09179,19683,20462,20222,20521,20978,21242,21596,21990,22554,22056,22805,23632,24041,24129,24252,25119,24978,25433,26361
267,09180,17455,18335,18042,18662,19157,19488,19932,20215,21125,21064,22155,23014,22009,22458,22795,24037,23461,23934,24842
268,09181,19273,20117,18939,18735,18916,19463,20205,20858,21249,20554,21192,22266,22848,23056,23639,24176,24474,25024,25998
269,09182,21367,22309,21435,21843,22212,23289,24603,25780,25689,24238,24575,25751,27230,27894,26906,27531,27541,28134,29168
270,09183,16217,16952,16814,17266,17847,18135,18662,19256,19826,19424,20144,20974,21824,21949,22108,22327,22768,23096,23859
271,09184,23939,25187,24337,24834,25300,26313,27329,28078,28220,27001,27652,28651,29052,28992,29044,29601,29603,30102,31122
272,09185,15335,16212,16140,16544,17117,17407,17920,18515,19017,18668,19476,20295,20807,21204,21756,22307,22952,23523,24338
273,09186,16785,18042,17882,18280,18724,19032,19545,20091,20700,20408,21323,22225,22759,22993,24072,24628,24641,25110,26045
274,09187,17284,18067,17902,18521,19123,20227,21773,23389,22759,21365,21379,22309,22647,23261,23473,24018,23705,24909,25784
275,09188,29028,29655,28232,28650,28910,30028,31275,32050,32373,30906,31753,33287,33228,33044,33702,36070,33558,34130,35356
276,09189,16007,17058,16904,17363,17788,18099,18595,19045,19779,19576,20509,21356,21971,22309,22880,22994,23187,23611,24434
277,09190,16895,17494,17566,18196,18908,19149,19589,19921,20570,20364,21221,22176,21952,22250,22709,23557,24016,24617,25481
279,09261,18417,18651,18683,19143,19532,19659,19836,20043,20474,20385,21197,21807,22452,24651,23221,23755,23658,23870,24526
280,09262,16334,17224,17251,17843,18294,18039,18061,17990,18283,17910,18376,19062,20067,19908,19929,20493,20383,20540,21088
281,09263,16160,16762,16918,17614,18329,18469,18714,18863,19415,19062,19598,20400,21091,20572,20933,20988,21181,21454,22207
282,09271,14441,15113,15155,15610,16024,16403,16953,17543,18016,17793,18489,19238,20846,20121,20656,21019,21814,22218,23020
283,09272,12814,13477,13540,13953,14385,14700,15256,15847,16254,16019,16541,17259,18038,18495,18894,19474,20646,21216,22058
284,09273,15223,16102,16069,16552,17173,17503,18048,18610,19167,18832,19614,20519,21023,21268,21768,22096,22300,22678,23499
285,09274,15092,15972,15987,16597,17300,17566,18073,18642,19379,19244,20281,21227,21773,21955,22201,22473,23777,24236,24979
286,09275,13931,14656,14589,15015,15575,15976,16793,17524,17732,17253,17698,18528,19308,19676,20080,20539,20889,21330,22094
287,09276,13123,13893,13922,14342,14775,14978,15397,15908,16528,16473,17196,17951,18587,18929,19333,19805,20325,20750,21567
288,09277,14527,15190,15177,15745,16455,16725,17262,17872,18397,18024,18764,19644,20226,20528,21030,21397,22452,22935,23751
289,09278,13912,14600,14675,15215,16020,16251,16742,17308,17850,17541,18353,19248,19894,20406,20825,21692,22167,22733,23480
290,09279,15329,16139,16075,16445,17069,17343,17880,18548,19084,18651,19347,20008,21446,21740,22227,22795,23421,24053,24859
292,09361,16120,16451,16433,16878,17318,17724,18326,18841,19117,18817,19195,19973,20392,20346,20611,21633,20658,21008,21981
293,09362,17746,18555,18273,18562,18723,18976,19170,19310,19637,19418,20038,20542,20668,20907,21297,22179,22387,22465,23093
294,09363,16727,17411,17212,17530,17634,17483,17524,17519,18055,17914,18442,19084,19211,19611,19679,20511,21171,21630,22439
295,09371,13649,14414,14517,14941,15383,15649,15911,16376,16963,16863,17591,18626,19647,19922,20292,20962,21174,21877,22751
296,09372,13480,14142,14186,14677,15219,15512,16069,16685,17286,17091,17844,18681,19211,19503,19999,20484,21692,22175,23002
297,09373,15349,16599,16252,16548,16940,17241,17665,18106,18721,18483,19219,20111,20776,21377,21897,22407,23371,23805,24718
298,09374,14997,16085,15583,15729,15972,16047,16333,16587,17014,16650,17326,18205,18770,19135,19798,20746,20786,21496,22309
299,09375,15683,16946,16840,17141,17527,17735,18154,18642,19155,18857,19632,20551,21113,21461,21966,22334,22839,23332,24184
300,09376,14251,14843,14866,15252,15747,15914,16333,16835,17380,17181,17863,18706,19519,19873,19938,20651,20891,21375,22104
301,09377,13734,14246,14269,14599,15015,15271,15806,16404,17041,16944,17767,18652,18730,19279,19890,20391,20633,21299,22122
303,09461,16990,17277,17051,17301,17488,17606,17960,18153,18593,18268,18810,19449,19765,20032,20446,21263,21523,21478,22047
304,09462,15820,16366,16617,17307,17914,18163,18583,18882,19285,19126,19740,20285,19798,19884,19876,20241,20262,20454,21069
305,09463,17458,17991,18139,18896,19463,19864,20376,20808,21285,20853,21515,22393,23301,22782,22628,23528,23398,23882,24754
306,09464,15218,15603,15749,16240,16591,16606,16899,17159,17715,17566,18195,18883,18946,19047,19051,19637,19744,19849,20353
307,09471,14400,15199,15349,15842,16326,16617,17129,17686,18424,18372,19218,20143,20781,20847,21301,21063,21719,22210,23121
308,09472,14139,14781,14970,15427,16011,16145,16441,16865,17716,17802,18791,19721,19291,19662,20133,20719,21147,21788,22691
309,09473,17289,17817,17428,17707,17864,18666,19742,20898,21155,20560,20929,21965,22161,24500,23428,24470,24863,25323,26362
310,09474,16308,17482,17245,17380,17665,17841,18229,18664,19312,19153,20020,20942,21380,21684,22081,22685,23185,23816,24725
311,09475,17127,18179,17339,17324,17379,17245,17319,17460,17985,17737,18346,19246,19502,19738,20032,20542,20817,21402,22200
312,09476,15912,16590,16784,17587,18310,18641,19198,19689,20293,20035,20679,21710,20703,20391,20585,21420,21527,22172,23120
313,09477,15936,16879,16556,16781,17027,17188,17538,17875,18422,18154,18850,19799,20370,20930,20946,21814,22119,22840,23725
314,09478,15468,16047,15909,16160,16441,16516,16823,17178,17929,17902,18633,19431,19705,19681,19862,20583,20900,21432,22301
315,09479,14748,15221,15385,15809,16246,16534,17107,17739,18414,18323,18997,19869,20414,20518,20719,20948,21305,21710,22480
317,09561,17507,18162,17736,17849,18038,18022,17955,18110,18482,18139,18890,19606,20672,19867,20149,20692,21456,21853,22559
318,09562,18495,19500,19338,19431,19697,19916,20049,20296,21002,20798,21954,22785,23108,23168,23041,24083,23719,24028,24712
319,09563,18320,19691,19692,20500,21122,21087,21100,21090,21464,21034,21515,22205,22523,22934,22262,23084,22737,22968,23795
320,09564,17756,18429,18240,18548,18747,18880,19143,19456,19940,19712,20387,20918,20878,20667,20985,21491,21749,22016,22748
321,09565,18459,19513,19072,19216,19305,19648,19998,20402,21168,21142,21987,22816,23040,23603,24173,24474,24614,25018,26190
322,09571,14439,15402,15243,15572,15974,16317,16913,17600,18389,18300,19214,20191,20904,20945,21515,21664,22189,22648,23483
323,09572,18908,19291,19372,20105,20922,22000,23411,24798,23649,22079,22166,23144,23391,23593,23992,24615,24705,25341,26313
324,09573,18158,19025,18881,19237,19590,19987,20457,20842,21276,20865,21521,22378,22322,22741,23051,24381,24043,24501,25388
325,09574,18946,19774,19535,19948,20234,20717,21392,21967,22296,21802,22420,23468,23553,23520,23855,24159,24388,24863,25830
326,09575,14593,15614,15552,15876,16365,16585,17053,17639,18296,18017,18899,19822,20194,20572,21490,21671,21965,22505,23283
327,09576,16446,17504,17317,17561,17891,18177,18624,19153,19792,19604,20414,21374,21789,21912,22423,22874,23212,23748,24605
328,09577,15203,16202,15916,16136,16328,16520,16937,17360,18063,17986,18824,19711,20549,20881,20971,21385,21592,22088,22892
330,09661,17228,17972,17975,18703,19305,19802,20393,20802,21158,20492,20996,21735,21986,22312,22703,23179,23033,23377,24114
331,09662,16090,17173,16814,16892,16698,16647,16712,16812,17575,17729,18569,19194,19698,19342,20015,20014,20405,20550,21029
332,09663,17446,17996,17953,18614,19260,19316,19534,19650,20528,20589,21534,22254,21427,22193,22205,22896,23233,23528,24272
333,09671,17042,17948,17834,18254,18592,18926,19397,19857,20319,19956,20600,21576,21904,22156,22394,22823,23156,23735,24745
334,09672,14593,15313,15442,15922,16349,16423,16737,16999,17673,17610,18459,19351,19579,20281,20417,21220,21371,21954,22814
335,09673,14244,15105,15065,15444,15836,16122,16618,17193,17807,17440,18069,18949,19530,19795,20218,21196,21541,22191,23050
336,09674,14240,14664,14719,15098,15622,15727,15996,16386,17034,16885,17655,18552,18991,19299,19954,20394,20867,21493,22335
337,09675,15249,16472,16519,17375,18330,18342,18629,18780,19152,18639,19245,20233,21206,20997,22614,21843,22339,22807,23553
338,09676,16010,16900,16694,17028,17276,17598,18087,18593,19039,18683,19265,20248,20493,20582,21213,21585,21832,22418,23343
339,09677,15571,16484,16290,16502,16717,17011,17402,17885,18435,18244,18948,19916,20459,20700,21170,21822,22010,22619,23587
340,09678,14818,15878,15628,15787,15969,16256,16763,17350,18043,17929,18801,19700,20110,20303,20868,21289,21573,22231,23143
341,09679,15246,16119,16187,16616,17159,17408,17765,18100,18830,18708,19687,20584,20713,21152,21606,22813,22274,22806,23740
343,09761,15590,16010,15969,16279,16471,16432,16547,16754,17136,16925,17499,17955,18551,18705,18661,19187,19192,19415,20053
344,09762,16763,17416,17324,17673,18099,18206,18486,18641,19278,19097,19818,20574,21163,20978,20963,21497,21630,21984,22598
345,09763,17206,18069,17900,18251,18515,18787,19202,19434,19735,19264,19817,20638,20569,21039,20857,21066,21188,21414,22064
346,09764,17363,18551,18488,19152,19585,20109,20809,21375,21703,21127,21528,22464,23724,24280,25642,26430,26093,26367,27460
347,09771,18063,19200,18608,18849,19056,19445,20044,20632,21048,20554,21266,22204,22824,23156,23659,23608,24331,24885,25751
348,09772,17581,18150,18001,18389,18769,19003,19463,19863,20532,20254,21075,22034,22558,22572,23014,23568,23781,24239,25088
349,09773,15865,17153,16957,17475,18013,18151,18520,18943,19524,19095,19895,20953,21470,21592,22091,22707,23062,23580,24400
350,09774,15398,16292,16372,16828,17361,17717,18268,18822,19843,20016,21198,22204,21573,21876,22216,22261,23115,23586,24434
351,09775,16426,17356,17393,17904,18395,18734,19240,19707,20275,19965,20714,21550,21681,21815,22487,22796,23187,23632,24479
352,09776,16733,17453,17486,18082,18659,19181,19787,20281,20576,20079,20568,21458,22673,23003,23541,24636,25262,25921,26816
353,09777,15207,16082,16104,16576,17233,17600,18165,18903,19499,19084,19824,20820,21469,21927,22335,22515,22391,22915,23686
354,09778,16241,17047,16872,17570,18312,18843,19511,20108,20639,20230,21020,22037,22638,23225,23827,24467,24017,24512,25277
355,09779,15515,16376,16530,17381,18356,18476,18856,19261,19990,19800,20720,21731,22517,22217,22978,23339,23659,24165,25092
356,09780,15888,16959,16731,17229,17655,18080,18669,19240,19916,19728,20619,21614,22046,22082,22285,22725,23240,23738,24617
358,10041,14323,14969,14917,15134,15734,16158,16326,16636,17008,16876,17295,17801,17910,17983,18275,18728,19060,19381,19205
360,10042,13964,14959,14842,15210,16473,16052,15528,15363,15611,15558,15973,16495,16569,17031,17427,17954,18362,18841,18790
361,10043,14125,14928,14923,15062,15469,15782,15928,16185,16650,16790,17371,17978,18058,18247,18670,19069,19462,19929,19925
362,10044,14158,14880,14812,14983,15489,15848,16002,16314,16714,16778,17394,18016,18592,18923,19244,19796,20297,20844,20819
363,10045,15230,15972,15912,16148,16728,17222,17394,17836,18369,18366,18950,19636,20024,20452,20993,21408,21871,22477,22452
364,10046,17373,19587,18903,19552,20688,20815,20517,20403,21177,21811,22512,23386,23702,22990,19580,20047,21061,21775,21849
365,11000,15154,15505,15404,15349,15873,16003,16486,16629,17051,17339,17512,17909,18043,18239,18407,19036,19484,20249,20972
379,12051,12644,13074,13369,13488,13655,13764,14089,14324,14704,15130,15101,15664,15838,16254,16531,16978,17325,17967,18473
380,12052,13034,13575,13952,14248,14428,14563,14874,15111,15558,16039,16167,16557,16762,17224,17801,17780,17921,18486,19172
381,12053,12239,12617,12962,13127,13363,13617,14030,14297,14629,14957,14983,15564,15567,15849,16185,16638,16979,17657,18263
382,12054,13753,14328,14741,15046,15618,15907,16414,16784,17162,17466,17530,17727,18040,18560,19005,19521,20446,20843,21208
383,12060,13793,14394,14718,14974,15178,15418,15799,16100,16603,17113,17239,17841,17983,18412,18672,19031,19546,20186,20779
384,12061,14393,14987,15175,15368,15531,15800,16247,16623,17092,17503,17546,18172,18342,18740,19235,19426,20013,20715,21267
385,12062,12302,12811,13016,13255,13525,13774,14077,14511,14964,15223,15446,15946,16093,16666,17055,17229,17643,18502,19046
386,12063,13784,14331,14360,14541,14750,15107,15659,16115,16528,16999,17146,17680,17807,18257,18698,18927,19268,19988,20533
387,12064,13543,14153,14283,14397,14675,14899,15254,15523,16024,16501,16727,17276,17466,18020,18390,18666,19350,20136,20684
388,12065,14135,14787,15067,15265,15524,15717,16070,16266,16691,17152,17283,17763,17999,18512,18760,19377,19965,20693,21315
389,12066,12511,13045,13425,13794,14098,14181,14443,14744,15271,15742,15988,16528,16632,17075,17433,17928,18376,19186,19809
390,12067,12866,13404,13720,14033,14417,14887,15279,15549,16015,16510,16696,17248,17449,17949,18198,18358,18973,20015,20685
391,12068,12212,12759,12973,13164,13536,13749,14132,14426,14951,15281,15589,16068,16185,16709,16985,17157,17732,18597,19058
392,12069,14700,15154,15379,15657,16027,16731,17294,17862,18321,18702,18776,19381,19571,20168,20808,20950,21548,22432,23093
393,12070,12140,12750,12943,13132,13651,14023,14377,14776,15290,15501,15836,16321,16425,17065,17464,17490,17891,18781,19218
394,12071,12628,13033,13360,13724,14047,14329,14691,15042,15572,16062,16364,17071,17087,17444,17796,18178,18747,19652,20450
395,12072,13449,14089,14377,14684,15132,15819,16305,16772,17120,17416,17438,17986,18033,18417,18566,18700,19187,19821,20241
396,12073,12019,12584,12741,12893,13246,13359,13642,14038,14557,14901,15157,15655,15775,16308,16632,16738,17161,18028,18493
398,13001,-,-,-,-,-,-,-,-,-,-,-,-,-,-,-,-,-,-,-
399,13002,-,-,-,-,-,-,-,-,-,-,-,-,-,-,-,-,-,-,-
400,13003,12899,13394,13830,13860,13959,14189,14559,14752,15159,15540,15626,15765,16161,16366,16654,17273,17818,18310,18905
401,13004,13276,13704,14198,14281,14455,14636,14906,14942,15419,15826,16001,16575,17018,17380,17599,17818,18274,19055,19724
402,13005,-,-,-,-,-,-,-,-,-,-,-,-,-,-,-,-,-,-,-
403,13006,-,-,-,-,-,-,-,-,-,-,-,-,-,-,-,-,-,-,-
404,13051,-,-,-,-,-,-,-,-,-,-,-,-,-,-,-,-,-,-,-
405,13052,-,-,-,-,-,-,-,-,-,-,-,-,-,-,-,-,-,-,-
406,13053,-,-,-,-,-,-,-,-,-,-,-,-,-,-,-,-,-,-,-
407,13054,-,-,-,-,-,-,-,-,-,-,-,-,-,-,-,-,-,-,-
408,13055,-,-,-,-,-,-,-,-,-,-,-,-,-,-,-,-,-,-,-
409,13056,-,-,-,-,-,-,-,-,-,-,-,-,-,-,-,-,-,-,-
410,13057,-,-,-,-,-,-,-,-,-,-,-,-,-,-,-,-,-,-,-
411,13058,-,-,-,-,-,-,-,-,-,-,-,-,-,-,-,-,-,-,-
412,13059,-,-,-,-,-,-,-,-,-,-,-,-,-,-,-,-,-,-,-
413,13060,-,-,-,-,-,-,-,-,-,-,-,-,-,-,-,-,-,-,-
414,13061,-,-,-,-,-,-,-,-,-,-,-,-,-,-,-,-,-,-,-
415,13062,-,-,-,-,-,-,-,-,-,-,-,-,-,-,-,-,-,-,-
416,13071,12173,12724,13211,13496,14132,14115,14330,14426,15034,15256,15490,16041,16159,16564,16887,17309,17783,18597,19235
417,13072,12296,12940,13320,13431,13913,14232,14747,15097,15776,16019,16270,16762,17199,17771,18160,18547,19101,19883,20421
418,13073,12123,12676,13021,13155,13520,13742,14176,14419,15025,15335,15563,15979,16341,16692,17019,17593,18200,18877,19462
419,13074,12359,12996,13307,13391,13774,14024,14512,14867,15377,15472,15643,16177,16642,17084,17414,17886,18377,19061,19643
420,13075,11844,12336,12695,12799,13114,13286,13641,13817,14380,14668,14895,14886,15461,15784,16105,16558,17205,17954,18491
421,13076,12649,13346,13718,13856,14354,14646,15110,15455,16113,16275,16543,17003,17409,17864,18130,18335,18799,19682,20206
424,14161,-,-,-,-,-,-,-,-,-,-,-,-,-,-,-,-,-,-,-
425,14166,-,-,-,-,-,-,-,-,-,-,-,-,-,-,-,-,-,-,-
426,14167,-,-,-,-,-,-,-,-,-,-,-,-,-,-,-,-,-,-,-
427,14171,-,-,-,-,-,-,-,-,-,-,-,-,-,-,-,-,-,-,-
428,14173,-,-,-,-,-,-,-,-,-,-,-,-,-,-,-,-,-,-,-
429,14177,-,-,-,-,-,-,-,-,-,-,-,-,-,-,-,-,-,-,-
430,14178,-,-,-,-,-,-,-,-,-,-,-,-,-,-,-,-,-,-,-
431,14181,-,-,-,-,-,-,-,-,-,-,-,-,-,-,-,-,-,-,-
432,14182,-,-,-,-,-,-,-,-,-,-,-,-,-,-,-,-,-,-,-
433,14188,-,-,-,-,-,-,-,-,-,-,-,-,-,-,-,-,-,-,-
434,14191,-,-,-,-,-,-,-,-,-,-,-,-,-,-,-,-,-,-,-
435,14193,-,-,-,-,-,-,-,-,-,-,-,-,-,-,-,-,-,-,-
437,14262,-,-,-,-,-,-,-,-,-,-,-,-,-,-,-,-,-,-,-
438,14263,-,-,-,-,-,-,-,-,-,-,-,-,-,-,-,-,-,-,-
439,14264,-,-,-,-,-,-,-,-,-,-,-,-,-,-,-,-,-,-,-
440,14272,-,-,-,-,-,-,-,-,-,-,-,-,-,-,-,-,-,-,-
441,14280,-,-,-,-,-,-,-,-,-,-,-,-,-,-,-,-,-,-,-
442,14284,-,-,-,-,-,-,-,-,-,-,-,-,-,-,-,-,-,-,-
443,14285,-,-,-,-,-,-,-,-,-,-,-,-,-,-,-,-,-,-,-
444,14286,-,-,-,-,-,-,-,-,-,-,-,-,-,-,-,-,-,-,-
445,14287,-,-,-,-,-,-,-,-,-,-,-,-,-,-,-,-,-,-,-
446,14290,-,-,-,-,-,-,-,-,-,-,-,-,-,-,-,-,-,-,-
447,14292,-,-,-,-,-,-,-,-,-,-,-,-,-,-,-,-,-,-,-
449,14365,-,-,-,-,-,-,-,-,-,-,-,-,-,-,-,-,-,-,-
450,14374,-,-,-,-,-,-,-,-,-,-,-,-,-,-,-,-,-,-,-
451,14375,-,-,-,-,-,-,-,-,-,-,-,-,-,-,-,-,-,-,-
452,14379,-,-,-,-,-,-,-,-,-,-,-,-,-,-,-,-,-,-,-
453,14383,-,-,-,-,-,-,-,-,-,-,-,-,-,-,-,-,-,-,-
454,14389,-,-,-,-,-,-,-,-,-,-,-,-,-,-,-,-,-,-,-
456,14511,13831,14337,14822,15207,15440,15513,15974,16303,16693,17080,17389,17691,18111,18340,18607,18626,19087,19765,20366
457,14521,12756,13437,13670,13996,14191,14171,14610,14979,15459,15774,16022,16453,16896,17240,17646,18210,18865,19668,20492
458,14522,13043,13721,14001,14340,14646,14679,15173,15624,16022,16228,16584,17035,17435,17722,18087,18545,19088,19859,20571
459,14523,13289,13898,14226,14537,14737,14779,15220,15595,16010,16298,16564,16967,17364,17705,17911,18497,18959,19675,20424
460,14524,13159,13792,14125,14449,14704,14752,15190,15550,15988,16341,16682,17111,17579,18028,18478,19085,19520,20281,21056
462,14612,14121,14528,15071,15471,15816,15788,16072,16344,16646,16831,17080,17315,17663,17909,18016,18535,19052,19541,20112
463,14625,12814,13430,13800,14142,14401,14477,15033,15502,15967,16257,16628,16985,17352,17791,18074,18521,19111,19869,20632
464,14626,12244,12808,13161,13468,13693,13679,14120,14456,14869,15160,15562,15909,16215,16559,16926,17356,18110,18830,19486
465,14627,13023,13671,14055,14488,14912,15022,15637,16209,16557,16764,17117,17520,17862,18283,18755,19196,19755,20567,21310
466,14628,13321,13998,14319,14718,15075,15107,15572,15900,16349,16664,17001,17409,17762,18122,18435,18872,19458,20190,20914
468,14713,13254,13677,14134,14485,14793,14838,15308,15618,15901,16118,16442,16745,17053,17293,17354,17863,18261,18479,18825
469,14729,13300,13901,14205,14617,15027,15129,15669,16129,16652,16920,17344,17950,18497,18804,19097,19670,20347,21043,21768
470,14730,12803,13484,13758,14074,14460,14464,14874,15351,15745,15884,16394,16805,17097,17561,17873,18471,19051,19734,20340
472,15001,12721,13288,13696,13950,14026,14393,14854,14803,15297,15825,16084,16649,17139,17371,17745,18260,18788,19493,20043
473,15002,12625,13075,13455,13488,13269,13584,13995,14218,14657,15178,15360,15566,15803,16016,16324,16820,17099,17570,17828
474,15003,12768,13234,13571,13838,13968,14190,14517,14718,15192,15696,15971,16224,16619,16884,17192,17654,18061,18541,18904
475,15081,12684,13260,13281,13688,14135,14110,14371,14669,15402,15713,16330,17104,17633,17982,18312,18221,18905,19814,20083
476,15082,12162,12578,12884,13242,13462,13747,14227,14592,15092,15438,15718,16225,16711,16991,17437,17826,18364,19137,19584
477,15083,13101,13514,13718,13942,14346,14475,14917,15238,15926,16319,16794,17428,17925,18291,18692,18934,19625,20407,20694
478,15084,12573,13112,13402,13723,14040,14072,14398,14653,15280,15670,15985,16404,16821,17194,17506,17905,18524,19214,19649
479,15085,12580,13057,13275,13546,13763,13896,14225,14540,15125,15595,15902,16340,16775,17170,17580,18006,18504,19354,19907
480,15086,12641,13329,13463,13932,14461,14761,15303,15688,16391,16729,17143,17535,17811,18236,18569,18621,19297,20160,20518
481,15087,12194,12735,12958,13241,13506,13578,13922,14245,14766,15146,15368,15830,16197,16442,16833,17222,17853,18619,19092
482,15088,12728,13230,13464,13764,14128,14284,14692,15132,15826,16258,16689,17197,17635,17939,18385,18933,19486,20197,20601
483,15089,12101,12568,12711,13050,13182,13374,13819,14076,14588,15003,15294,15758,16205,16513,16946,17394,17915,18674,19095
484,15090,11967,12493,12545,12854,13168,13261,13607,13915,14521,14796,15260,15786,16132,16521,17007,17136,17773,18622,18947
485,15091,12328,12757,13011,13472,13842,14013,14445,14817,15374,15736,16069,16638,17156,17397,17839,18271,18930,19696,20118
487,15101,-,-,-,-,-,-,-,-,-,-,-,-,-,-,-,-,-,-,-
488,15151,-,-,-,-,-,-,-,-,-,-,-,-,-,-,-,-,-,-,-
489,15153,-,-,-,-,-,-,-,-,-,-,-,-,-,-,-,-,-,-,-
490,15154,-,-,-,-,-,-,-,-,-,-,-,-,-,-,-,-,-,-,-
491,15159,-,-,-,-,-,-,-,-,-,-,-,-,-,-,-,-,-,-,-
492,15171,-,-,-,-,-,-,-,-,-,-,-,-,-,-,-,-,-,-,-
494,15202,-,-,-,-,-,-,-,-,-,-,-,-,-,-,-,-,-,-,-
495,15256,-,-,-,-,-,-,-,-,-,-,-,-,-,-,-,-,-,-,-
496,15260,-,-,-,-,-,-,-,-,-,-,-,-,-,-,-,-,-,-,-
497,15261,-,-,-,-,-,-,-,-,-,-,-,-,-,-,-,-,-,-,-
498,15265,-,-,-,-,-,-,-,-,-,-,-,-,-,-,-,-,-,-,-
499,15266,-,-,-,-,-,-,-,-,-,-,-,-,-,-,-,-,-,-,-
500,15268,-,-,-,-,-,-,-,-,-,-,-,-,-,-,-,-,-,-,-
502,15303,-,-,-,-,-,-,-,-,-,-,-,-,-,-,-,-,-,-,-
503,15352,-,-,-,-,-,-,-,-,-,-,-,-,-,-,-,-,-,-,-
504,15355,-,-,-,-,-,-,-,-,-,-,-,-,-,-,-,-,-,-,-
505,15357,-,-,-,-,-,-,-,-,-,-,-,-,-,-,-,-,-,-,-
506,15358,-,-,-,-,-,-,-,-,-,-,-,-,-,-,-,-,-,-,-
507,15362,-,-,-,-,-,-,-,-,-,-,-,-,-,-,-,-,-,-,-
508,15363,-,-,-,-,-,-,-,-,-,-,-,-,-,-,-,-,-,-,-
509,15364,-,-,-,-,-,-,-,-,-,-,-,-,-,-,-,-,-,-,-
510,15367,-,-,-,-,-,-,-,-,-,-,-,-,-,-,-,-,-,-,-
511,15369,-,-,-,-,-,-,-,-,-,-,-,-,-,-,-,-,-,-,-
512,15370,-,-,-,-,-,-,-,-,-,-,-,-,-,-,-,-,-,-,-
514,16051,13503,14005,14247,14461,14691,14693,15154,15406,15805,16000,16269,16637,16955,17300,17526,18056,18498,18991,19333
515,16052,13035,13711,14032,14357,14710,14832,15349,15664,15928,16108,16332,16625,16931,17258,17474,17952,18321,19049,19558
516,16053,13172,13525,13722,13827,13925,14074,14622,14941,15274,15577,15910,16172,16497,16796,16907,17454,17982,18534,18919
517,16054,13741,14473,14759,15170,15495,15640,16261,16560,16903,17207,17450,17821,18335,18821,19071,19136,20476,21541,22371
518,16055,13113,13512,13664,13846,14170,14294,14800,15100,15496,15644,15892,16247,16663,16966,17386,17693,18164,18739,19090
519,16056,13386,13863,14320,14696,15125,15118,15478,15656,15947,16152,16297,16671,17054,17479,17970,18300,18659,19188,19639
520,16061,12448,13075,13174,13400,13726,13852,14431,14868,15466,15749,16087,16588,16915,17284,17709,18161,18816,19506,20065
521,16062,12304,12837,13091,13380,13720,13775,14251,14585,14972,15056,15325,15726,16035,16412,16668,17078,17752,18415,18907
522,16063,13147,13758,13920,14223,14553,14680,15200,15597,16052,16255,16521,17131,17656,18238,18294,18960,19480,20357,20932
523,16064,12405,13056,13182,13408,13744,13786,14278,14681,15141,15269,15553,16048,16339,16762,17040,17232,17770,18514,18942
524,16065,11764,12307,12448,12708,13091,13104,13551,13905,14373,14539,14857,15349,15645,16077,16430,16791,17316,18023,18508
525,16066,13075,13757,14036,14365,14669,14796,15357,15742,16159,16330,16471,17002,17417,17904,18325,18669,19612,20366,20946
526,16067,12569,13185,13482,13772,14123,14230,14719,15127,15528,15713,16003,16485,16849,17258,17518,17852,18473,19177,19593
527,16068,12815,13446,13474,13703,14019,14049,14526,14891,15370,15480,15809,16349,16680,17131,17440,17731,18315,19040,19482
528,16069,13236,13930,14043,14281,14592,14604,15141,15612,16102,16233,16494,16969,17340,17730,18022,18677,19206,19943,20495
529,16070,12591,13151,13338,13608,13848,14026,14676,15125,15588,15810,15985,16420,16766,17137,17352,17901,18197,18853,19306
530,16071,12337,12938,13146,13508,13959,14017,14580,15046,15611,15803,16176,16727,17154,17618,17830,18147,18686,19332,19800
531,16072,13660,14243,14449,14714,14972,15112,15662,16056,16400,16603,16742,17160,17607,18050,18414,19021,19907,20626,21140
532,16073,12641,13247,13537,13886,14198,14337,14838,15231,15684,15993,16258,16721,17051,17486,17737,18297,18547,19325,19922
533,16074,12820,13465,13711,14129,14612,14646,15114,15430,15972,16162,16482,16953,17270,17609,17904,18020,18619,19626,20183
534,16075,12895,13490,13651,13984,14341,14443,15026,15435,15838,15910,16114,16581,16889,17314,17591,18022,18484,19230,19740
535,16076,12862,13511,13712,14040,14395,14475,14988,15289,15778,16033,16339,16821,17178,17613,17860,18367,19003,19860,20392
536,16077,12694,13253,13490,13747,14046,14094,14605,14940,15092,15318,15626,16049,16452,16876,17137,17697,18483,19360,19883
