,kreis_key,crimes_2013,crimes_2014,crimes_2015,crimes_2016,crimes_2017,crimes_2018,crimes_2019,crimes_2020
0,1001.0,8876.0,,,,,,,
1,1002.0,24043.0,,,,,,,
2,1003.0,24526.0,,,,,,,
3,1004.0,11737.0,,,,,,,
4,1051.0,7248.0,,,,,,,
5,1053.0,10547.0,,,,,,,
6,1054.0,9809.0,,,,,,,
7,1055.0,14026.0,,,,,,,
8,1056.0,20390.0,,,,,,,
9,1057.0,6379.0,,,,,,,
10,1058.0,15916.0,,,,,,,
11,1059.0,8981.0,,,,,,,
12,1060.0,15540.0,,,,,,,
13,1061.0,8452.0,,,,,,,
14,1062.0,13494.0,,,,,,,
15,2000.0,238019.0,,,,,,,
16,3101.0,23692.0,,,,,,,
17,3102.0,6122.0,,,,,,,
18,3103.0,8537.0,,,,,,,
19,3151.0,8111.0,,,,,,,
20,3152.0,20955.0,,,,,,,
21,3153.0,8851.0,,,,,,,
22,3154.0,5393.0,,,,,,,
23,3155.0,7208.0,,,,,,,
24,3156.0,4344.0,,,,,,,
25,3157.0,6340.0,,,,,,,
26,3158.0,5223.0,,,,,,,
27,3241.0,113031.0,,,,,,,
28,3251.0,11541.0,,,,,,,
29,3252.0,9583.0,,,,,,,
30,3254.0,17775.0,,,,,,,
31,3255.0,3696.0,,,,,,,
32,3256.0,6819.0,,,,,,,
33,3257.0,9290.0,,,,,,,
34,3351.0,11254.0,,,,,,,
35,3352.0,10952.0,,,,,,,
36,3353.0,13756.0,,,,,,,
37,3354.0,2325.0,,,,,,,
38,3355.0,12538.0,,,,,,,
39,3356.0,5642.0,,,,,,,
40,3357.0,10544.0,,,,,,,
41,3358.0,10721.0,,,,,,,
42,3359.0,10876.0,,,,,,,
43,3360.0,5367.0,,,,,,,
44,3361.0,9073.0,,,,,,,
45,3401.0,7855.0,,,,,,,
46,3402.0,4629.0,,,,,,,
47,3403.0,14458.0,,,,,,,
48,3404.0,17752.0,,,,,,,
49,3405.0,8982.0,,,,,,,
50,3451.0,5083.0,,,,,,,
51,3452.0,11404.0,,,,,,,
52,3453.0,8880.0,,,,,,,
53,3454.0,18354.0,,,,,,,
54,3455.0,6177.0,,,,,,,
55,3456.0,8842.0,,,,,,,
56,3457.0,9933.0,,,,,,,
57,3458.0,7833.0,,,,,,,
58,3459.0,16703.0,,,,,,,
59,3460.0,8696.0,,,,,,,
60,3461.0,4910.0,,,,,,,
61,3462.0,2916.0,,,,,,,
62,4011.0,71212.0,,,,,,,
63,4012.0,14154.0,,,,,,,
64,5111.0,87610.0,,,,,,,
65,5112.0,52048.0,,,,,,,
66,5113.0,57317.0,,,,,,,
67,5114.0,22219.0,,,,,,,
68,5116.0,22516.0,,,,,,,
69,5117.0,13249.0,,,,,,,
70,5119.0,18633.0,,,,,,,
71,5120.0,7842.0,,,,,,,
72,5122.0,12506.0,,,,,,,
73,5124.0,34190.0,,,,,,,
74,5154.0,22316.0,,,,,,,
75,5158.0,33899.0,,,,,,,
76,5162.0,31665.0,,,,,,,
77,5166.0,16459.0,,,,,,,
78,5170.0,32747.0,,,,,,,
79,5314.0,34649.0,,,,,,,
80,5315.0,153744.0,,,,,,,
81,5316.0,14061.0,,,,,,,
82,5334.0,51953.0,,,,,,,
83,5358.0,19033.0,,,,,,,
84,5362.0,37358.0,,,,,,,
85,5366.0,11382.0,,,,,,,
86,5370.0,17297.0,,,,,,,
87,5374.0,13177.0,,,,,,,
88,5378.0,14262.0,,,,,,,
89,5382.0,33932.0,,,,,,,
90,5512.0,8942.0,,,,,,,
91,5513.0,25331.0,,,,,,,
92,5515.0,28777.0,,,,,,,
93,5554.0,24610.0,,,,,,,
94,5558.0,13242.0,,,,,,,
95,5562.0,50955.0,,,,,,,
96,5566.0,27251.0,,,,,,,
97,5570.0,14122.0,,,,,,,
98,5711.0,26001.0,,,,,,,
99,5754.0,17641.0,,,,,,,
100,5758.0,13243.0,,,,,,,
101,5762.0,7051.0,,,,,,,
102,5766.0,14689.0,,,,,,,
103,5770.0,15722.0,,,,,,,
104,5774.0,17753.0,,,,,,,
105,5911.0,38342.0,,,,,,,
106,5913.0,80540.0,,,,,,,
107,5914.0,16346.0,,,,,,,
108,5915.0,14766.0,,,,,,,
109,5916.0,15483.0,,,,,,,
110,5954.0,21553.0,,,,,,,
111,5958.0,14777.0,,,,,,,
112,5962.0,26386.0,,,,,,,
113,5966.0,6825.0,,,,,,,
114,5970.0,16892.0,,,,,,,
115,5974.0,18710.0,,,,,,,
116,5978.0,29338.0,,,,,,,
117,6411.0,11218.0,,,,,,,
118,6412.0,112049.0,,,,,,,
119,6413.0,13343.0,,,,,,,
120,6414.0,23017.0,,,,,,,
121,6431.0,10787.0,,,,,,,
122,6432.0,9583.0,,,,,,,
123,6433.0,10546.0,,,,,,,
124,6434.0,10612.0,,,,,,,
125,6435.0,19883.0,,,,,,,
126,6436.0,10422.0,,,,,,,
127,6437.0,2674.0,,,,,,,
128,6438.0,16914.0,,,,,,,
129,6439.0,6230.0,,,,,,,
130,6440.0,12829.0,,,,,,,
131,6531.0,16613.0,,,,,,,
132,6532.0,9481.0,,,,,,,
133,6533.0,8645.0,,,,,,,
134,6534.0,10717.0,,,,,,,
135,6535.0,3763.0,,,,,,,
136,6611.0,19545.0,,,,,,,
137,6631.0,10813.0,,,,,,,
138,6632.0,6350.0,,,,,,,
139,6633.0,7588.0,,,,,,,
140,6634.0,7057.0,,,,,,,
141,6635.0,5509.0,,,,,,,
142,6636.0,5139.0,,,,,,,
143,7111.0,12704.0,,,,,,,
144,7131.0,9844.0,,,,,,,
145,7132.0,8066.0,,,,,,,
146,7133.0,11034.0,,,,,,,
147,7134.0,4359.0,,,,,,,
148,7135.0,2925.0,,,,,,,
149,7137.0,10840.0,,,,,,,
150,7138.0,11263.0,,,,,,,
151,7140.0,4833.0,,,,,,,
152,7141.0,5835.0,,,,,,,
153,7143.0,9324.0,,,,,,,
154,7211.0,13790.0,,,,,,,
155,7231.0,5561.0,,,,,,,
156,7232.0,4194.0,,,,,,,
157,7233.0,2895.0,,,,,,,
158,7235.0,5303.0,,,,,,,
159,7311.0,4268.0,,,,,,,
160,7312.0,12852.0,,,,,,,
161,7313.0,4180.0,,,,,,,
162,7314.0,18354.0,,,,,,,
163,7315.0,19540.0,,,,,,,
164,7316.0,4004.0,,,,,,,
165,7317.0,3624.0,,,,,,,
166,7318.0,4433.0,,,,,,,
167,7319.0,7883.0,,,,,,,
168,7320.0,2328.0,,,,,,,
169,7331.0,6486.0,,,,,,,
170,7332.0,7836.0,,,,,,,
171,7333.0,4072.0,,,,,,,
172,7334.0,7543.0,,,,,,,
173,7335.0,5109.0,,,,,,,
174,7336.0,3245.0,,,,,,,
175,7337.0,5129.0,,,,,,,
176,7338.0,7382.0,,,,,,,
177,7339.0,10796.0,,,,,,,
178,7340.0,2830.0,,,,,,,
179,8111.0,58325.0,,,,,,,
180,8115.0,16187.0,,,,,,,
181,8116.0,22658.0,,,,,,,
182,8117.0,9733.0,,,,,,,
183,8118.0,21824.0,,,,,,,
184,8119.0,18319.0,,,,,,,
185,8121.0,9152.0,,,,,,,
186,8125.0,12265.0,,,,,,,
187,8126.0,4192.0,,,,,,,
188,8127.0,7204.0,,,,,,,
189,8128.0,4591.0,,,,,,,
190,8135.0,5383.0,,,,,,,
191,8136.0,11332.0,,,,,,,
192,8211.0,3972.0,,,,,,,
193,8212.0,31209.0,,,,,,,
194,8215.0,16851.0,,,,,,,
195,8216.0,10011.0,,,,,,,
196,8221.0,14057.0,,,,,,,
197,8222.0,31975.0,,,,,,,
198,8225.0,4442.0,,,,,,,
199,8226.0,23369.0,,,,,,,
200,8231.0,9073.0,,,,,,,
201,8235.0,5032.0,,,,,,,
202,8236.0,5981.0,,,,,,,
203,8237.0,4836.0,,,,,,,
204,8311.0,26462.0,,,,,,,
205,8315.0,12915.0,,,,,,,
206,8316.0,6973.0,,,,,,,
207,8317.0,25112.0,,,,,,,
208,8325.0,4292.0,,,,,,,
209,8326.0,7299.0,,,,,,,
210,8327.0,5255.0,,,,,,,
211,8335.0,16936.0,,,,,,,
212,8336.0,16834.0,,,,,,,
213,8337.0,7158.0,,,,,,,
214,8415.0,14814.0,,,,,,,
215,8416.0,10496.0,,,,,,,
216,8417.0,7611.0,,,,,,,
217,8421.0,9726.0,,,,,,,
218,8425.0,5828.0,,,,,,,
219,8426.0,7349.0,,,,,,,
220,8435.0,8622.0,,,,,,,
221,8436.0,13607.0,,,,,,,
222,8437.0,5296.0,,,,,,,
223,9161.0,9946.0,,,,,,,
224,9162.0,102667.0,,,,,,,
225,9163.0,5744.0,,,,,,,
226,9171.0,4838.0,,,,,,,
227,9172.0,6775.0,,,,,,,
228,9173.0,4131.0,,,,,,,
229,9174.0,5039.0,,,,,,,
230,9175.0,4213.0,,,,,,,
231,9176.0,3055.0,,,,,,,
232,9177.0,5483.0,,,,,,,
233,9178.0,10558.0,,,,,,,
234,9179.0,7481.0,,,,,,,
235,9180.0,3909.0,,,,,,,
236,9181.0,3849.0,,,,,,,
237,9182.0,3929.0,,,,,,,
238,9183.0,4295.0,,,,,,,
239,9184.0,11947.0,,,,,,,
240,9185.0,3797.0,,,,,,,
241,9186.0,5022.0,,,,,,,
242,9187.0,12042.0,,,,,,,
243,9188.0,4272.0,,,,,,,
244,9189.0,7277.0,,,,,,,
245,9190.0,4593.0,,,,,,,
246,9261.0,6815.0,,,,,,,
247,9262.0,5095.0,,,,,,,
248,9263.0,4114.0,,,,,,,
249,9271.0,5683.0,,,,,,,
250,9272.0,2131.0,,,,,,,
251,9273.0,3743.0,,,,,,,
252,9274.0,4336.0,,,,,,,
253,9275.0,6221.0,,,,,,,
254,9276.0,2368.0,,,,,,,
255,9277.0,3691.0,,,,,,,
256,9278.0,2700.0,,,,,,,
257,9279.0,3199.0,,,,,,,
258,9361.0,3009.0,,,,,,,
259,9362.0,14174.0,,,,,,,
260,9363.0,3572.0,,,,,,,
261,9371.0,2963.0,,,,,,,
262,9372.0,5482.0,,,,,,,
263,9373.0,4078.0,,,,,,,
264,9374.0,3452.0,,,,,,,
265,9375.0,4742.0,,,,,,,
266,9376.0,5194.0,,,,,,,
267,9377.0,2705.0,,,,,,,
268,9461.0,5540.0,,,,,,,
269,9462.0,5018.0,,,,,,,
270,9463.0,3381.0,,,,,,,
271,9464.0,4327.0,,,,,,,
272,9471.0,4170.0,,,,,,,
273,9472.0,3206.0,,,,,,,
274,9473.0,2927.0,,,,,,,
275,9474.0,3240.0,,,,,,,
276,9475.0,4540.0,,,,,,,
277,9476.0,2818.0,,,,,,,
278,9477.0,3090.0,,,,,,,
279,9478.0,3008.0,,,,,,,
280,9479.0,4231.0,,,,,,,
281,9561.0,2772.0,,,,,,,
282,9562.0,6969.0,,,,,,,
283,9563.0,6691.0,,,,,,,
284,9564.0,44755.0,,,,,,,
285,9565.0,1850.0,,,,,,,
286,9571.0,6310.0,,,,,,,
287,9572.0,3885.0,,,,,,,
288,9573.0,3010.0,,,,,,,
289,9574.0,6748.0,,,,,,,
290,9575.0,3070.0,,,,,,,
291,9576.0,3874.0,,,,,,,
292,9577.0,3656.0,,,,,,,
293,9661.0,6053.0,,,,,,,
294,9662.0,4558.0,,,,,,,
295,9663.0,10852.0,,,,,,,
296,9671.0,4847.0,,,,,,,
297,9672.0,4209.0,,,,,,,
298,9673.0,2813.0,,,,,,,
299,9674.0,2806.0,,,,,,,
300,9675.0,3441.0,,,,,,,
301,9676.0,4221.0,,,,,,,
302,9677.0,3809.0,,,,,,,
303,9678.0,3141.0,,,,,,,
304,9679.0,3725.0,,,,,,,
305,9761.0,22297.0,,,,,,,
306,9762.0,2646.0,,,,,,,
307,9763.0,4368.0,,,,,,,
308,9764.0,3393.0,,,,,,,
309,9771.0,3771.0,,,,,,,
310,9772.0,8301.0,,,,,,,
311,9773.0,3099.0,,,,,,,
312,9774.0,4971.0,,,,,,,
313,9775.0,7966.0,,,,,,,
314,9776.0,3448.0,,,,,,,
315,9777.0,4271.0,,,,,,,
316,9778.0,4288.0,,,,,,,
317,9779.0,4130.0,,,,,,,
318,9780.0,4772.0,,,,,,,
319,10041.0,32810.0,,,,,,,
320,10042.0,5439.0,,,,,,,
321,10043.0,8468.0,,,,,,,
322,10044.0,13373.0,,,,,,,
323,10045.0,8477.0,,,,,,,
324,10046.0,3535.0,,,,,,,
325,11000.0,503164.0,,,,,,,
326,12051.0,7969.0,,,,,,,
327,12052.0,10169.0,,,,,,,
328,12053.0,8195.0,,,,,,,
329,12054.0,16438.0,,,,,,,
330,12060.0,13430.0,,,,,,,
331,12061.0,14486.0,,,,,,,
332,12062.0,6848.0,,,,,,,
333,12063.0,11646.0,,,,,,,
334,12064.0,14588.0,,,,,,,
335,12065.0,15323.0,,,,,,,
336,12066.0,9180.0,,,,,,,
337,12067.0,12631.0,,,,,,,
338,12068.0,8099.0,,,,,,,
339,12069.0,13036.0,,,,,,,
340,12070.0,6099.0,,,,,,,
341,12071.0,8776.0,,,,,,,
342,12072.0,10885.0,,,,,,,
343,12073.0,9159.0,,,,,,,
344,13003.0,19059.0,,,,,,,
345,13004.0,11740.0,,,,,,,
346,13071.0,17538.0,,,,,,,
347,13072.0,12746.0,,,,,,,
348,13073.0,16788.0,,,,,,,
349,13074.0,10716.0,,,,,,,
350,13075.0,18003.0,,,,,,,
351,13076.0,13422.0,,,,,,,
352,14511.0,24675.0,,,,,,,
353,14521.0,13083.0,,,,,,,
354,14522.0,14695.0,,,,,,,
355,14523.0,13924.0,,,,,,,
356,14524.0,19029.0,,,,,,,
357,14612.0,59676.0,,,,,,,
358,14625.0,16282.0,,,,,,,
359,14626.0,22634.0,,,,,,,
360,14627.0,13469.0,,,,,,,
361,14628.0,15500.0,,,,,,,
362,14713.0,70451.0,,,,,,,
363,14729.0,16422.0,,,,,,,
364,14730.0,12549.0,,,,,,,
365,15001.0,9661.0,,,,,,,
366,15002.0,26227.0,,,,,,,
367,15003.0,30490.0,,,,,,,
368,15081.0,5053.0,,,,,,,
369,15082.0,12486.0,,,,,,,
370,15083.0,11693.0,,,,,,,
371,15084.0,14658.0,,,,,,,
372,15085.0,18706.0,,,,,,,
373,15086.0,6795.0,,,,,,,
374,15087.0,10754.0,,,,,,,
375,15088.0,13902.0,,,,,,,
376,15089.0,14069.0,,,,,,,
377,15090.0,8625.0,,,,,,,
378,15091.0,9927.0,,,,,,,
379,16051.0,21569.0,,,,,,,
380,16052.0,9729.0,,,,,,,
381,16053.0,7609.0,,,,,,,
382,16054.0,2670.0,,,,,,,
383,16055.0,5992.0,,,,,,,
384,16056.0,3700.0,,,,,,,
385,16061.0,3658.0,,,,,,,
386,16062.0,5669.0,,,,,,,
387,16063.0,4426.0,,,,,,,
388,16064.0,5978.0,,,,,,,
389,16065.0,4209.0,,,,,,,
390,16066.0,6330.0,,,,,,,
391,16067.0,7404.0,,,,,,,
392,16068.0,3842.0,,,,,,,
393,16069.0,2933.0,,,,,,,
394,16070.0,6716.0,,,,,,,
395,16071.0,4721.0,,,,,,,
396,16072.0,3283.0,,,,,,,
397,16073.0,7282.0,,,,,,,
398,16074.0,4636.0,,,,,,,
399,16075.0,5916.0,,,,,,,
400,16076.0,4962.0,,,,,,,
401,16077.0,8180.0,,,,,,,
402,01001,,9754.0,10828.0,9993.0,8907.0,8156.0,8617.0,8380.0
403,01002,,24380.0,26078.0,25908.0,23934.0,24621.0,22452.0,21384.0
404,01003,,24907.0,22881.0,25647.0,23614.0,22685.0,21768.0,20942.0
405,01004,,13078.0,17418.0,14524.0,9751.0,10688.0,11397.0,9453.0
406,01051,,7189.0,7345.0,7661.0,7262.0,7224.0,6786.0,6597.0
407,01053,,10774.0,10615.0,10273.0,10167.0,10035.0,10060.0,9957.0
408,01054,,9190.0,8938.0,10547.0,8561.0,8964.0,8277.0,8444.0
409,01055,,14109.0,13543.0,13910.0,13119.0,12542.0,12709.0,11715.0
410,01056,,20355.0,19779.0,18956.0,17571.0,17961.0,18552.0,17338.0
411,01057,,6353.0,5850.0,5671.0,5480.0,5473.0,5318.0,5341.0
412,01058,,15047.0,13195.0,13705.0,13283.0,12478.0,12525.0,11960.0
413,01059,,10118.0,9721.0,10439.0,9498.0,9382.0,9130.0,9387.0
414,01060,,15823.0,15252.0,17890.0,15893.0,17114.0,15297.0,13970.0
415,01061,,7805.0,7380.0,8433.0,8390.0,6986.0,7333.0,6655.0
416,01062,,13419.0,13775.0,12984.0,13549.0,12585.0,13224.0,12406.0
417,02000,,239541.0,243313.0,238464.0,224292.0,216569.0,206790.0,199280.0
418,03101,,25074.0,25497.0,23902.0,22904.0,21355.0,19663.0,18952.0
419,03102,,6510.0,6379.0,6563.0,5867.0,6359.0,6375.0,6297.0
420,03103,,8844.0,9606.0,8988.0,8274.0,9086.0,8897.0,8586.0
421,03151,,7749.0,7756.0,7464.0,7091.0,6889.0,6969.0,6630.0
422,03152,,20772.0,21825.0,20147.0,,,,
423,03153,,10025.0,9687.0,9186.0,8561.0,8887.0,8794.0,8499.0
424,03154,,6052.0,5949.0,5733.0,5828.0,5468.0,5718.0,6088.0
425,03155,,6986.0,7589.0,7791.0,6671.0,6692.0,6794.0,6387.0
426,03156,,4241.0,4002.0,4174.0,,,,
427,03157,,6660.0,6547.0,7056.0,6840.0,6707.0,7125.0,7137.0
428,03158,,5154.0,4841.0,4693.0,4583.0,4521.0,4535.0,4186.0
429,03241,,116719.0,121119.0,121698.0,114685.0,105931.0,106301.0,103849.0
430,03251,,12149.0,11834.0,11942.0,10572.0,9986.0,10356.0,10363.0
431,03252,,9677.0,9560.0,9215.0,9294.0,8367.0,8028.0,7879.0
432,03254,,17375.0,17443.0,18199.0,16017.0,15953.0,16494.0,15869.0
433,03255,,3667.0,3643.0,3488.0,3513.0,3415.0,3336.0,3347.0
434,03256,,6646.0,6345.0,6856.0,6405.0,6651.0,6727.0,6897.0
435,03257,,10419.0,9520.0,9222.0,8817.0,8457.0,9345.0,8654.0
436,03351,,11807.0,13279.0,11581.0,10949.0,10714.0,11806.0,11580.0
437,03352,,10663.0,10404.0,9773.0,10199.0,10155.0,9815.0,9943.0
438,03353,,13532.0,14639.0,17732.0,12957.0,12849.0,12696.0,12840.0
439,03354,,2348.0,2785.0,2454.0,2225.0,2350.0,2570.0,2583.0
440,03355,,12038.0,13130.0,12593.0,12574.0,12169.0,12473.0,12196.0
441,03356,,5752.0,6207.0,6018.0,5374.0,5197.0,4773.0,4436.0
442,03357,,10185.0,10205.0,10189.0,9652.0,8950.0,8506.0,8644.0
443,03358,,10815.0,11248.0,11233.0,12440.0,10506.0,10189.0,10550.0
444,03359,,12112.0,11825.0,10941.0,11529.0,10475.0,10915.0,11159.0
445,03360,,5274.0,6066.0,5721.0,4973.0,5365.0,4820.0,4524.0
446,03361,,8884.0,8690.0,8550.0,8146.0,7356.0,7143.0,7037.0
447,03401,,6528.0,6609.0,6641.0,6141.0,6038.0,5352.0,5084.0
448,03402,,4321.0,4598.0,4540.0,4235.0,4122.0,3558.0,3818.0
449,03403,,14124.0,14598.0,14816.0,13583.0,12997.0,12914.0,11979.0
450,03404,,19145.0,17756.0,17527.0,17176.0,17602.0,17049.0,15902.0
451,03405,,9353.0,10180.0,10073.0,10421.0,9159.0,8127.0,7747.0
452,03451,,5448.0,5013.0,5113.0,4818.0,4782.0,4630.0,4240.0
453,03452,,10958.0,11174.0,11452.0,9835.0,9248.0,10155.0,9911.0
454,03453,,8153.0,7787.0,7704.0,7020.0,6491.0,6867.0,6593.0
455,03454,,18148.0,18328.0,19083.0,17773.0,18758.0,18378.0,16338.0
456,03455,,5856.0,5612.0,5586.0,5463.0,5180.0,4945.0,5088.0
457,03456,,9149.0,8309.0,8738.0,8117.0,7747.0,7381.0,7015.0
458,03457,,9631.0,9934.0,9567.0,8747.0,8404.0,9173.0,8842.0
459,03458,,6686.0,6341.0,6420.0,6409.0,6019.0,5554.0,5810.0
460,03459,,17008.0,23864.0,17555.0,16093.0,16064.0,14862.0,14552.0
461,03460,,8096.0,7214.0,6856.0,6417.0,6481.0,6471.0,6344.0
462,03461,,5256.0,4967.0,7725.0,4489.0,4474.0,4632.0,4955.0
463,03462,,3228.0,3306.0,3453.0,2966.0,3206.0,3369.0,2867.0
464,04011,,70781.0,76978.0,78465.0,68343.0,62101.0,65869.0,66971.0
465,04012,,12819.0,14091.0,13259.0,12647.0,12206.0,12020.0,13306.0
466,05111,,86071.0,84260.0,77929.0,69239.0,62734.0,64525.0,62180.0
467,05112,,50482.0,55604.0,54023.0,49739.0,44070.0,42166.0,43091.0
468,05113,,62283.0,66407.0,61450.0,55779.0,50065.0,47666.0,43545.0
469,05114,,23290.0,22965.0,22621.0,21934.0,21679.0,20570.0,20164.0
470,05116,,22409.0,23515.0,22182.0,21546.0,19938.0,19542.0,21552.0
471,05117,,13570.0,14518.0,14037.0,12243.0,11285.0,9647.0,9018.0
472,05119,,18938.0,18936.0,17419.0,16470.0,15884.0,15053.0,15552.0
473,05120,,7888.0,7849.0,7485.0,7180.0,6851.0,6958.0,6275.0
474,05122,,11995.0,11408.0,11144.0,9962.0,9809.0,9935.0,9449.0
475,05124,,33637.0,37068.0,37021.0,34691.0,31829.0,30040.0,28619.0
476,05154,,22873.0,24242.0,22202.0,20958.0,20042.0,18254.0,18372.0
477,05158,,33465.0,32491.0,31005.0,29072.0,27965.0,26844.0,27520.0
478,05162,,32201.0,30788.0,30860.0,28251.0,27544.0,24824.0,23900.0
479,05166,,18481.0,18648.0,18936.0,17940.0,16926.0,15879.0,16867.0
480,05170,,31423.0,30240.0,32029.0,28916.0,25582.0,23278.0,23955.0
481,05314,,35781.0,36022.0,35067.0,30762.0,27996.0,26475.0,27687.0
482,05315,,157113.0,155510.0,145821.0,136858.0,125349.0,122776.0,113084.0
483,05316,,14786.0,13958.0,13218.0,12570.0,11964.0,11037.0,10495.0
484,05334,,53428.0,56158.0,53606.0,49142.0,44993.0,44473.0,45556.0
485,05358,,18134.0,18642.0,17739.0,16868.0,16109.0,16348.0,15691.0
486,05362,,36270.0,35620.0,35084.0,31241.0,32695.0,30165.0,29293.0
487,05366,,11161.0,11441.0,11552.0,10830.0,9620.0,9334.0,9501.0
488,05370,,17539.0,17671.0,17451.0,16008.0,14450.0,13964.0,14269.0
489,05374,,13470.0,12768.0,12995.0,12553.0,11833.0,10745.0,11032.0
490,05378,,15189.0,14564.0,13989.0,13573.0,12203.0,11335.0,12157.0
491,05382,,34970.0,34046.0,32844.0,30136.0,29422.0,26368.0,26277.0
492,05512,,9171.0,8836.0,8290.0,8404.0,6901.0,6642.0,6571.0
493,05513,,25950.0,26428.0,24434.0,23387.0,22234.0,21937.0,21494.0
494,05515,,30505.0,29833.0,29738.0,29475.0,25753.0,26310.0,26750.0
495,05554,,24619.0,24423.0,23641.0,22203.0,22234.0,20696.0,19570.0
496,05558,,12729.0,13739.0,13104.0,11872.0,10908.0,10564.0,10612.0
497,05562,,50783.0,48407.0,45866.0,43944.0,41841.0,41327.0,39928.0
498,05566,,26428.0,26226.0,26010.0,25650.0,24255.0,22319.0,22664.0
499,05570,,14596.0,14577.0,14966.0,13248.0,12152.0,12462.0,12684.0
500,05711,,27942.0,28029.0,28494.0,26370.0,23242.0,22322.0,23213.0
501,05754,,18253.0,18588.0,18480.0,17255.0,16512.0,15998.0,16302.0
502,05758,,13152.0,12340.0,12770.0,12423.0,11296.0,10410.0,10249.0
503,05762,,7052.0,6882.0,7040.0,6375.0,5899.0,5484.0,6398.0
504,05766,,14294.0,15026.0,14344.0,14511.0,13361.0,13158.0,12922.0
505,05770,,17091.0,15929.0,16049.0,15207.0,13884.0,13996.0,14176.0
506,05774,,18703.0,18143.0,20502.0,18322.0,16267.0,15387.0,15806.0
507,05911,,36920.0,38044.0,35357.0,32207.0,32020.0,29764.0,27669.0
508,05913,,86549.0,83586.0,76259.0,67291.0,66327.0,61727.0,61769.0
509,05914,,16148.0,17126.0,16427.0,15713.0,14134.0,13984.0,14014.0
510,05915,,15152.0,15204.0,15441.0,14866.0,13355.0,13591.0,15553.0
511,05916,,14175.0,15579.0,14238.0,13197.0,13576.0,13000.0,12828.0
512,05954,,20690.0,20841.0,20676.0,22863.0,18647.0,16543.0,17386.0
513,05958,,13212.0,12744.0,12301.0,12260.0,12908.0,12501.0,12437.0
514,05962,,25825.0,25516.0,25338.0,24218.0,21477.0,21087.0,20161.0
515,05966,,6861.0,6457.0,6646.0,5987.0,6026.0,5392.0,5259.0
516,05970,,16991.0,17852.0,16928.0,15926.0,16922.0,14578.0,13581.0
517,05974,,18738.0,17508.0,17950.0,16898.0,16172.0,15986.0,15573.0
518,05978,,28501.0,28646.0,28495.0,25496.0,23665.0,22556.0,21886.0
519,06411,,11008.0,11827.0,11681.0,12121.0,11200.0,10445.0,9600.0
520,06412,,118796.0,118766.0,114819.0,109458.0,117719.0,114421.0,102897.0
521,06413,,12709.0,12849.0,11607.0,11987.0,10530.0,9927.0,9481.0
522,06414,,23742.0,24194.0,23276.0,23110.0,20364.0,20131.0,19218.0
523,06431,,9873.0,10484.0,10456.0,9679.0,9332.0,8721.0,8442.0
524,06432,,9472.0,9918.0,9954.0,9805.0,9109.0,9333.0,8493.0
525,06433,,10476.0,11308.0,11648.0,11704.0,11000.0,10778.0,10843.0
526,06434,,11853.0,11263.0,10834.0,10590.0,9983.0,9035.0,8698.0
527,06435,,18639.0,19252.0,18951.0,17635.0,18514.0,17321.0,16465.0
528,06436,,11084.0,11691.0,11398.0,10762.0,10462.0,10032.0,9625.0
529,06437,,2463.0,2502.0,2722.0,2749.0,2708.0,2579.0,2558.0
530,06438,,16219.0,17039.0,16811.0,15509.0,16016.0,14891.0,14060.0
531,06439,,6110.0,5980.0,5768.0,5903.0,5163.0,5472.0,5197.0
532,06440,,12853.0,12510.0,12850.0,11789.0,11098.0,10624.0,10155.0
533,06531,,21166.0,25010.0,39957.0,18087.0,16260.0,16362.0,15801.0
534,06532,,9367.0,9838.0,9789.0,9287.0,8780.0,8781.0,8607.0
535,06533,,8436.0,8599.0,8167.0,7917.0,7226.0,7552.0,6822.0
536,06534,,10009.0,10495.0,10699.0,10094.0,9880.0,10276.0,10137.0
537,06535,,3746.0,3801.0,4003.0,3483.0,3808.0,4123.0,3944.0
538,06611,,21009.0,20931.0,19431.0,18382.0,18025.0,18358.0,16257.0
539,06631,,9567.0,9140.0,9672.0,8845.0,8890.0,9119.0,9608.0
540,06632,,5883.0,5352.0,5862.0,5506.0,5353.0,4813.0,5119.0
541,06633,,8200.0,7276.0,7445.0,7138.0,6913.0,7280.0,7099.0
542,06634,,7536.0,6754.0,6971.0,6363.0,6451.0,6135.0,6343.0
543,06635,,6393.0,5392.0,5706.0,5936.0,5441.0,5702.0,5217.0
544,06636,,4929.0,4566.0,4568.0,4597.0,4718.0,4435.0,3828.0
545,07111,,11356.0,13758.0,12989.0,11264.0,11476.0,11466.0,10758.0
546,07131,,10197.0,8958.0,8292.0,8106.0,7700.0,7537.0,6565.0
547,07132,,7943.0,7752.0,7275.0,6413.0,6759.0,6682.0,6387.0
548,07133,,10818.0,10969.0,10001.0,9501.0,9295.0,8862.0,8313.0
549,07134,,4134.0,4485.0,4556.0,4095.0,3890.0,4858.0,4727.0
550,07135,,2676.0,2811.0,2818.0,3004.0,2545.0,2688.0,2538.0
551,07137,,10434.0,11255.0,10859.0,10514.0,10007.0,10259.0,9924.0
552,07138,,11479.0,11194.0,10866.0,10625.0,9760.0,10116.0,9451.0
553,07140,,4881.0,5946.0,5054.0,4831.0,4931.0,4530.0,4193.0
554,07141,,5635.0,5789.0,7426.0,7403.0,5971.0,5750.0,5810.0
555,07143,,9241.0,8957.0,9443.0,9418.0,9114.0,8840.0,8810.0
556,07211,,16182.0,17870.0,18653.0,12543.0,10795.0,11055.0,10614.0
557,07231,,5345.0,5500.0,5449.0,5373.0,5650.0,5306.0,4639.0
558,07232,,4107.0,4714.0,4579.0,4020.0,3783.0,3947.0,3981.0
559,07233,,2902.0,2959.0,3059.0,2991.0,2836.0,3360.0,2748.0
560,07235,,5197.0,5585.0,9671.0,6840.0,5320.0,5780.0,5597.0
561,07311,,3996.0,4238.0,4314.0,4090.0,3800.0,3463.0,3366.0
562,07312,,12098.0,12857.0,12041.0,12132.0,12062.0,11551.0,10792.0
563,07313,,4185.0,4468.0,4348.0,3984.0,4318.0,4241.0,3925.0
564,07314,,18154.0,17655.0,16487.0,16117.0,16528.0,16220.0,14965.0
565,07315,,20543.0,20810.0,20684.0,18686.0,18569.0,17440.0,16298.0
566,07316,,3977.0,4258.0,3847.0,3777.0,4035.0,3752.0,3625.0
567,07317,,3977.0,4011.0,3410.0,3851.0,3538.0,3517.0,3238.0
568,07318,,4730.0,4960.0,4679.0,4659.0,4664.0,4813.0,5118.0
569,07319,,7374.0,8019.0,7054.0,6544.0,6556.0,6477.0,6468.0
570,07320,,2442.0,2533.0,2776.0,2574.0,2383.0,2515.0,2693.0
571,07331,,5652.0,6184.0,5350.0,5143.0,5213.0,4807.0,4723.0
572,07332,,7300.0,7305.0,7126.0,6702.0,6753.0,6545.0,7125.0
573,07333,,3677.0,3895.0,3628.0,3511.0,3582.0,3351.0,3391.0
574,07334,,8023.0,7089.0,7406.0,6703.0,7327.0,7027.0,7427.0
575,07335,,5302.0,4832.0,4695.0,4978.0,4933.0,5081.0,4658.0
576,07336,,3413.0,3153.0,4265.0,3868.0,3966.0,4060.0,3482.0
577,07337,,5182.0,5127.0,4884.0,4952.0,5021.0,5032.0,4977.0
578,07338,,7084.0,7311.0,7005.0,6780.0,6742.0,6958.0,6569.0
579,07339,,10185.0,12270.0,15692.0,11530.0,10582.0,9332.0,8589.0
580,07340,,3300.0,3021.0,2951.0,2872.0,2599.0,2759.0,2720.0
581,08111,,61576.0,66450.0,58868.0,54255.0,53828.0,54347.0,50736.0
582,08115,,16588.0,16921.0,17623.0,16276.0,19237.0,16577.0,15975.0
583,08116,,23108.0,23893.0,25936.0,24751.0,24477.0,25743.0,22280.0
584,08117,,9553.0,9187.0,9641.0,9584.0,9540.0,10806.0,11115.0
585,08118,,24134.0,24106.0,22990.0,21945.0,21739.0,21986.0,21734.0
586,08119,,20615.0,21116.0,19705.0,18492.0,18018.0,18652.0,18028.0
587,08121,,8990.0,9102.0,9258.0,8439.0,8720.0,8702.0,8151.0
588,08125,,12491.0,11345.0,11374.0,10713.0,10361.0,11120.0,10464.0
589,08126,,4690.0,4299.0,4462.0,4085.0,4104.0,3643.0,3405.0
590,08127,,6970.0,7626.0,7211.0,6656.0,6347.0,6704.0,6178.0
591,08128,,5223.0,5121.0,5184.0,5216.0,5167.0,5213.0,4767.0
592,08135,,5621.0,5231.0,5181.0,5096.0,5218.0,5876.0,5079.0
593,08136,,11462.0,13908.0,12640.0,12448.0,11677.0,12335.0,11400.0
594,08211,,4243.0,4630.0,4315.0,4270.0,4170.0,5813.0,5553.0
595,08212,,30867.0,33323.0,31821.0,27644.0,27437.0,27488.0,27133.0
596,08215,,17462.0,16803.0,17962.0,17057.0,16618.0,16945.0,16638.0
597,08216,,11220.0,10943.0,11217.0,11329.0,10187.0,10838.0,9571.0
598,08221,,13085.0,15194.0,16128.0,16346.0,16656.0,14619.0,13637.0
599,08222,,31703.0,34943.0,35421.0,34891.0,33320.0,31321.0,28510.0
600,08225,,4755.0,4655.0,5021.0,4757.0,4812.0,4630.0,4695.0
601,08226,,23545.0,24053.0,25200.0,23601.0,24015.0,24175.0,23597.0
602,08231,,9846.0,9751.0,9281.0,9091.0,9141.0,9216.0,9282.0
603,08235,,5259.0,4928.0,5023.0,4410.0,4404.0,4347.0,5411.0
604,08236,,5993.0,5846.0,5956.0,5300.0,5453.0,5042.0,5433.0
605,08237,,4139.0,4358.0,4383.0,4084.0,3925.0,4104.0,4102.0
606,08311,,27297.0,29545.0,28854.0,27850.0,25551.0,23147.0,21122.0
607,08315,,13284.0,12606.0,13110.0,12283.0,11936.0,12052.0,10963.0
608,08316,,6605.0,6450.0,6732.0,6482.0,6421.0,6288.0,6187.0
609,08317,,28513.0,27228.0,26603.0,26165.0,27219.0,26138.0,23783.0
610,08325,,4678.0,4803.0,4563.0,4360.0,3906.0,4223.0,3951.0
611,08326,,8501.0,8786.0,9037.0,8620.0,7734.0,7947.0,6978.0
612,08327,,5601.0,6081.0,6219.0,5258.0,5510.0,5197.0,4618.0
613,08335,,17820.0,18944.0,18699.0,18501.0,17287.0,18209.0,14470.0
614,08336,,19226.0,20698.0,21981.0,21580.0,18328.0,16639.0,14384.0
615,08337,,7321.0,7491.0,7304.0,6850.0,6713.0,6568.0,6034.0
616,08415,,12976.0,12769.0,13017.0,13019.0,13628.0,13501.0,12741.0
617,08416,,9341.0,9833.0,9427.0,9352.0,9592.0,9495.0,8993.0
618,08417,,6911.0,7676.0,6763.0,6494.0,6427.0,6562.0,5853.0
619,08421,,10762.0,12151.0,10923.0,9739.0,9269.0,10686.0,10138.0
620,08425,,5467.0,7616.0,5581.0,5331.0,5506.0,6114.0,5658.0
621,08426,,6736.0,6747.0,7089.0,6836.0,6982.0,6725.0,6874.0
622,08435,,9063.0,9960.0,9349.0,9285.0,9358.0,9986.0,10175.0
623,08436,,14959.0,13445.0,13843.0,13395.0,13499.0,13550.0,12288.0
624,08437,,4963.0,5079.0,5829.0,6443.0,6289.0,6197.0,6034.0
625,09161,,9717.0,10687.0,10948.0,9906.0,9739.0,8990.0,8657.0
626,09162,,110208.0,133672.0,114710.0,97035.0,99802.0,90229.0,88857.0
627,09163,,5741.0,5654.0,5864.0,5233.0,4950.0,5163.0,4211.0
628,09171,,4786.0,5476.0,5367.0,4214.0,4501.0,3679.0,4093.0
629,09172,,8901.0,27810.0,108046.0,10962.0,7959.0,7886.0,8661.0
630,09173,,4057.0,4119.0,4218.0,4053.0,3970.0,4181.0,4580.0
631,09174,,5342.0,5306.0,5359.0,5033.0,4883.0,4668.0,4587.0
632,09175,,4519.0,4231.0,4644.0,4580.0,4406.0,4398.0,4370.0
633,09176,,2895.0,3049.0,3400.0,3314.0,3175.0,3347.0,3193.0
634,09177,,5716.0,5677.0,5691.0,5408.0,5243.0,5418.0,5119.0
635,09178,,10613.0,10456.0,10416.0,11486.0,11383.0,11502.0,10281.0
636,09179,,7432.0,7234.0,8325.0,7887.0,7766.0,7195.0,7433.0
637,09180,,4017.0,4102.0,4720.0,4292.0,4485.0,4214.0,4015.0
638,09181,,3924.0,3986.0,4052.0,3891.0,3971.0,3888.0,4735.0
639,09182,,3647.0,3666.0,4306.0,4221.0,3821.0,3713.0,3856.0
640,09183,,4205.0,4127.0,4261.0,3706.0,3941.0,4296.0,4297.0
641,09184,,12218.0,11703.0,13246.0,12020.0,12171.0,11790.0,11706.0
642,09185,,3600.0,3359.0,3661.0,3357.0,3376.0,3362.0,2974.0
643,09186,,4622.0,4424.0,4697.0,4236.0,4146.0,4088.0,3997.0
644,09187,,16800.0,31449.0,64787.0,13601.0,11433.0,11444.0,10259.0
645,09188,,4357.0,4623.0,4910.0,4970.0,4941.0,4645.0,5161.0
646,09189,,7075.0,7343.0,6974.0,6605.0,5940.0,5491.0,5629.0
647,09190,,4767.0,4600.0,4811.0,4966.0,4485.0,4701.0,4542.0
648,09261,,6950.0,7734.0,6448.0,5423.0,5506.0,5584.0,5215.0
649,09262,,5397.0,18818.0,12905.0,5168.0,4409.0,4626.0,4627.0
650,09263,,3786.0,3890.0,3831.0,3470.0,3841.0,3492.0,3238.0
651,09271,,5922.0,19335.0,9927.0,5598.0,5532.0,5519.0,5835.0
652,09272,,2061.0,2130.0,2196.0,1839.0,1952.0,2098.0,2011.0
653,09273,,3938.0,3625.0,3765.0,3634.0,3697.0,3349.0,3574.0
654,09274,,4546.0,4361.0,4562.0,4148.0,4027.0,4168.0,3855.0
655,09275,,7029.0,44925.0,19469.0,6359.0,6604.0,6477.0,6146.0
656,09276,,2303.0,2299.0,2367.0,2298.0,2261.0,2321.0,2292.0
657,09277,,3405.0,10640.0,36356.0,3690.0,3790.0,3801.0,4126.0
658,09278,,2719.0,3006.0,2702.0,2519.0,2332.0,2578.0,2602.0
659,09279,,3086.0,3119.0,3030.0,3233.0,3128.0,2999.0,2712.0
660,09361,,3073.0,2961.0,2899.0,2867.0,2878.0,2564.0,2337.0
661,09362,,14012.0,19305.0,17954.0,14236.0,13803.0,12989.0,12184.0
662,09363,,3652.0,4048.0,3544.0,3231.0,3140.0,3155.0,2832.0
663,09371,,2964.0,2676.0,2820.0,2748.0,2793.0,2763.0,2446.0
664,09372,,4730.0,3922.0,4093.0,4091.0,3885.0,3865.0,3866.0
665,09373,,3783.0,4330.0,3610.0,3586.0,4100.0,3332.0,3235.0
666,09374,,3595.0,4332.0,3998.0,3260.0,3519.0,3659.0,3557.0
667,09375,,5139.0,4757.0,4610.0,4707.0,4502.0,4496.0,4387.0
668,09376,,5110.0,5204.0,5545.0,5558.0,5735.0,5772.0,5348.0
669,09377,,2571.0,2454.0,2910.0,2564.0,2611.0,2716.0,2613.0
670,09461,,5744.0,6314.0,6791.0,7599.0,13246.0,7917.0,7865.0
671,09462,,5198.0,5563.0,7864.0,5501.0,5226.0,4923.0,4784.0
672,09463,,3746.0,3435.0,3571.0,2990.0,2840.0,3019.0,2762.0
673,09464,,4713.0,4562.0,3711.0,3645.0,3830.0,3888.0,4547.0
674,09471,,4153.0,3929.0,3722.0,4045.0,4271.0,3937.0,3867.0
675,09472,,2985.0,3142.0,3107.0,2865.0,2818.0,2815.0,3386.0
676,09473,,2814.0,3094.0,3295.0,2835.0,3109.0,2925.0,2653.0
677,09474,,3471.0,3663.0,3515.0,3251.0,3518.0,3212.0,3492.0
678,09475,,4522.0,5386.0,4597.0,4277.0,4448.0,4786.0,5151.0
679,09476,,2454.0,2533.0,2560.0,2545.0,2381.0,2344.0,2582.0
680,09477,,2943.0,2685.0,3819.0,2631.0,2500.0,2860.0,2820.0
681,09478,,3143.0,2940.0,3103.0,2780.0,2829.0,2827.0,2721.0
682,09479,,4776.0,4365.0,3878.0,4052.0,3849.0,4045.0,4187.0
683,09561,,2993.0,3130.0,3294.0,3229.0,3116.0,3191.0,3078.0
684,09562,,6662.0,6420.0,6212.0,5829.0,5815.0,6149.0,5398.0
685,09563,,6309.0,6035.0,5985.0,5853.0,5426.0,5447.0,5361.0
686,09564,,46079.0,48359.0,46694.0,43750.0,42591.0,39504.0,37683.0
687,09565,,1825.0,1889.0,1694.0,1687.0,1574.0,1515.0,1472.0
688,09571,,5652.0,5713.0,6099.0,5231.0,5408.0,5650.0,5164.0
689,09572,,3808.0,3681.0,3992.0,3660.0,3444.0,3485.0,3265.0
690,09573,,3360.0,2892.0,5041.0,5909.0,5174.0,4304.0,3407.0
691,09574,,6431.0,6083.0,6145.0,5614.0,5456.0,5288.0,4871.0
692,09575,,3148.0,2868.0,3010.0,2770.0,2982.0,2824.0,2523.0
693,09576,,3867.0,3918.0,3749.0,3578.0,3388.0,3429.0,3228.0
694,09577,,3537.0,3468.0,3339.0,3382.0,3414.0,3466.0,3275.0
695,09661,,5699.0,5972.0,5524.0,5248.0,5127.0,5359.0,5182.0
696,09662,,4834.0,12851.0,8117.0,6626.0,6344.0,4722.0,4556.0
697,09663,,11426.0,12126.0,11029.0,10042.0,11084.0,9954.0,9138.0
698,09671,,4863.0,4813.0,4579.0,4591.0,4456.0,4034.0,4170.0
699,09672,,3918.0,3471.0,3986.0,3632.0,3642.0,3035.0,3547.0
700,09673,,2639.0,2642.0,2707.0,2399.0,2591.0,2262.0,2349.0
701,09674,,2928.0,2766.0,2644.0,2743.0,2618.0,2340.0,2475.0
702,09675,,3487.0,3499.0,3477.0,3803.0,3665.0,3521.0,3567.0
703,09676,,4157.0,4031.0,4395.0,4419.0,4142.0,4052.0,3887.0
704,09677,,3772.0,3873.0,3699.0,3696.0,3849.0,3452.0,3039.0
705,09678,,2889.0,2744.0,2858.0,2522.0,2640.0,2968.0,3706.0
706,09679,,4082.0,3781.0,3591.0,3743.0,4548.0,3720.0,3788.0
707,09761,,23188.0,25659.0,22876.0,20899.0,21206.0,21404.0,20397.0
708,09762,,2793.0,2565.0,2559.0,2765.0,2790.0,2270.0,2226.0
709,09763,,4430.0,4313.0,4699.0,4486.0,4375.0,3608.0,3661.0
710,09764,,3072.0,3090.0,3032.0,2886.0,2708.0,2768.0,2650.0
711,09771,,3637.0,3813.0,3431.0,3145.0,3310.0,3176.0,3288.0
712,09772,,7975.0,8054.0,7946.0,7350.0,7725.0,7380.0,6918.0
713,09773,,2928.0,3770.0,2995.0,2569.0,2802.0,2828.0,2479.0
714,09774,,5190.0,5479.0,5316.0,4975.0,5048.0,5046.0,4962.0
715,09775,,7659.0,8551.0,7734.0,7744.0,8473.0,8115.0,8197.0
716,09776,,3609.0,4143.0,6302.0,6307.0,5193.0,4543.0,4611.0
717,09777,,4445.0,4535.0,4237.0,4811.0,4768.0,3979.0,4314.0
718,09778,,3925.0,3962.0,3977.0,4308.0,4415.0,4535.0,4593.0
719,09779,,4124.0,4968.0,5574.0,5097.0,5110.0,5072.0,3744.0
720,09780,,4758.0,4827.0,5199.0,4914.0,4483.0,3906.0,4422.0
721,10041,,34154.0,33230.0,32777.0,30987.0,31546.0,32001.0,29778.0
722,10042,,5495.0,5654.0,5307.0,5028.0,5225.0,5860.0,5822.0
723,10043,,8117.0,7428.0,8486.0,8111.0,7798.0,8055.0,7588.0
724,10044,,14334.0,18105.0,16489.0,13386.0,12601.0,13153.0,12239.0
725,10045,,8824.0,7656.0,7578.0,7438.0,7298.0,7501.0,6922.0
726,10046,,3633.0,3292.0,3566.0,3349.0,3330.0,3872.0,2929.0
727,11000,,543157.0,569550.0,568860.0,520436.0,511677.0,513426.0,504142.0
728,12051,,7617.0,8763.0,8752.0,6696.0,6575.0,7688.0,7141.0
729,12052,,11717.0,10741.0,11282.0,9439.0,9026.0,9252.0,8724.0
730,12053,,6112.0,6080.0,6454.0,5872.0,5430.0,5611.0,5494.0
731,12054,,15093.0,17425.0,16573.0,15311.0,16168.0,15465.0,13553.0
732,12060,,12589.0,12119.0,12464.0,11162.0,10719.0,11530.0,11417.0
733,12061,,14732.0,13692.0,14725.0,15647.0,15124.0,14439.0,13807.0
734,12062,,6944.0,6305.0,6282.0,5875.0,5607.0,5377.0,5194.0
735,12063,,11122.0,10866.0,10428.0,10096.0,9959.0,10566.0,9080.0
736,12064,,14010.0,12382.0,13006.0,12743.0,11888.0,11277.0,11401.0
737,12065,,15206.0,13023.0,13525.0,12821.0,12678.0,12559.0,12028.0
738,12066,,10727.0,9566.0,7153.0,7039.0,7185.0,6553.0,6595.0
739,12067,,12708.0,12899.0,11914.0,12295.0,12841.0,12169.0,11688.0
740,12068,,7859.0,7462.0,7476.0,7625.0,7683.0,7651.0,7145.0
741,12069,,12104.0,12851.0,12637.0,11453.0,11257.0,11497.0,10184.0
742,12070,,6423.0,5035.0,4627.0,4832.0,4602.0,4360.0,4380.0
743,12071,,10275.0,8097.0,8660.0,6961.0,6608.0,6539.0,6416.0
744,12072,,11336.0,11495.0,10860.0,10834.0,10565.0,10605.0,10059.0
745,12073,,9047.0,9002.0,8581.0,7747.0,8100.0,7962.0,8077.0
746,13003,,20055.0,20022.0,20824.0,18832.0,20168.0,19767.0,18794.0
747,13004,,10969.0,9650.0,11757.0,11672.0,10645.0,10939.0,10379.0
748,13071,,16859.0,16734.0,17017.0,15356.0,15300.0,16138.0,15147.0
749,13072,,11815.0,11403.0,11928.0,10585.0,10462.0,10898.0,10972.0
750,13073,,15949.0,15032.0,16136.0,15738.0,15409.0,16010.0,15640.0
751,13074,,10374.0,9966.0,10315.0,9671.0,9395.0,9392.0,9669.0
752,13075,,17361.0,16403.0,16369.0,15107.0,14165.0,15239.0,13290.0
753,13076,,12484.0,17382.0,17969.0,12661.0,12431.0,12372.0,11222.0
754,14511,,25560.0,27791.0,27236.0,25452.0,23744.0,22026.0,21347.0
755,14521,,13198.0,12811.0,12736.0,11803.0,10129.0,10122.0,11140.0
756,14522,,15202.0,14704.0,13656.0,11826.0,11877.0,11675.0,12143.0
757,14523,,13947.0,13609.0,14649.0,13866.0,12891.0,12335.0,11570.0
758,14524,,18906.0,17957.0,17546.0,15024.0,15506.0,14892.0,15753.0
759,14612,,61295.0,56555.0,58660.0,78410.0,49152.0,46376.0,48929.0
760,14625,,16815.0,16016.0,15456.0,15147.0,14543.0,13951.0,14470.0
761,14626,,24212.0,22963.0,21199.0,20333.0,19335.0,19336.0,18863.0
762,14627,,13195.0,12920.0,12353.0,12250.0,10574.0,10959.0,11529.0
763,14628,,15760.0,17777.0,13398.0,13006.0,11635.0,10967.0,10728.0
764,14713,,79235.0,73614.0,88615.0,79383.0,72045.0,71696.0,68677.0
765,14729,,17305.0,15847.0,15713.0,14493.0,14180.0,13984.0,13856.0
766,14730,,12447.0,12212.0,13452.0,12031.0,12529.0,13008.0,13048.0
767,15001,,10334.0,10036.0,9401.0,8870.0,7985.0,8264.0,7539.0
768,15002,,27621.0,32885.0,31462.0,30399.0,28925.0,27408.0,29089.0
769,15003,,30802.0,28440.0,28354.0,27143.0,26877.0,24584.0,25093.0
770,15081,,4889.0,5031.0,4909.0,5134.0,4857.0,4702.0,4499.0
771,15082,,13213.0,13288.0,13700.0,11621.0,11357.0,11068.0,11362.0
772,15083,,11393.0,10209.0,10242.0,9189.0,8893.0,9729.0,9431.0
773,15084,,14398.0,14968.0,13824.0,13767.0,11719.0,11390.0,12934.0
774,15085,,18556.0,19319.0,20669.0,18881.0,16224.0,15548.0,14667.0
775,15086,,6625.0,6924.0,6415.0,6220.0,5979.0,5996.0,5746.0
776,15087,,10285.0,10419.0,9898.0,10872.0,9178.0,8818.0,9216.0
777,15088,,14836.0,15024.0,14747.0,12373.0,11095.0,11178.0,11484.0
778,15089,,12576.0,13034.0,12874.0,11899.0,12389.0,11520.0,11539.0
779,15090,,8458.0,8334.0,8052.0,7852.0,7046.0,7335.0,6590.0
780,15091,,10234.0,9928.0,9540.0,8619.0,8065.0,8060.0,8838.0
781,16051,,21203.0,21005.0,23885.0,22659.0,24074.0,20695.0,23346.0
782,16052,,10128.0,9826.0,10332.0,10260.0,10917.0,9455.0,10115.0
783,16053,,7471.0,7046.0,7901.0,7780.0,7977.0,7689.0,6724.0
784,16054,,2686.0,3937.0,3108.0,3057.0,3149.0,3080.0,4586.0
785,16055,,5904.0,6247.0,6770.0,6740.0,6574.0,5531.0,6233.0
786,16056,,3676.0,4017.0,3846.0,3634.0,3258.0,3258.0,3522.0
787,16061,,3874.0,4051.0,4021.0,4124.0,4190.0,4332.0,4737.0
788,16062,,5974.0,5694.0,5512.0,5838.0,5843.0,5395.0,5750.0
789,16063,,4731.0,4759.0,4821.0,4543.0,4415.0,4015.0,4363.0
790,16064,,5608.0,5814.0,6550.0,6738.0,6380.0,6018.0,6465.0
791,16065,,4423.0,4287.0,5720.0,5243.0,4800.0,4846.0,4673.0
792,16066,,6240.0,6222.0,6832.0,6179.0,6247.0,5108.0,5966.0
793,16067,,7917.0,7945.0,8896.0,8309.0,7307.0,6871.0,7832.0
794,16068,,3626.0,3622.0,4262.0,3579.0,3559.0,2963.0,3473.0
795,16069,,2825.0,2735.0,2489.0,2682.0,2669.0,2124.0,2551.0
796,16070,,6473.0,6284.0,7729.0,6444.0,5592.0,5208.0,6275.0
797,16071,,4424.0,3975.0,4154.0,4322.0,4815.0,4067.0,4612.0
798,16072,,2932.0,3208.0,3451.0,3117.0,2902.0,3102.0,3488.0
799,16073,,7241.0,6596.0,6281.0,5793.0,5730.0,5129.0,5666.0
800,16074,,4075.0,4561.0,4148.0,4373.0,4244.0,4120.0,5062.0
801,16075,,5491.0,4719.0,4554.0,4747.0,4473.0,3983.0,4144.0
802,16076,,5251.0,4866.0,4889.0,4483.0,5114.0,4146.0,4010.0
803,16077,,8675.0,7399.0,6587.0,5574.0,6203.0,4212.0,4788.0
804,03159,,,,,22082.0,20510.0,20829.0,20391.0
