,kreis_name,license_plate,einw,crimes,income,crime_rate,income_pp
0,Augsburg,A,551730,28249,13002.443,0.051200768491834775,0.02356667754155112
1,Augsburg,A,551730,28249,13002.443,0.051200768491834775,0.02356667754155112
2,Ostalbkreis,AA,314294,12448,7642.678,0.03960622856306516,0.02431697073440791
3,Aschaffenburg,AB,245516,9839,5444.3060000000005,0.04007478127698399,0.022174953974486388
4,Aschaffenburg,AB,245516,9839,5444.3060000000005,0.04007478127698399,0.022174953974486388
5,Altenburger Land,ABG,88356,5574,1098.15,0.06308569876409073,0.01242869754176287
6,Anhalt-Bitterfeld,ABI,157217,11621,2324.662,0.07391694282424928,0.014786327178358573
7,Aachen,AC,556631,49142,12316.899,0.0882846984806811,0.022127583623621393
8,Vogtlandkreis,AE,223905,13866,3264.695,0.06192804984256716,0.014580715035394477
9,Borken,AH,371898,22203,7446.869,0.05970185373408838,0.02002395549317286
10,Rosenheim,AIB,611406,25621,21455.574,0.04190505163508373,0.03509218751533351
11,München,AIB,611406,25621,21455.574,0.04190505163508373,0.03509218751533351
12,Aichach-Friedberg,AIC,135024,3145,1848.362,0.023292155468657424,0.01368913674605996
13,Altenkirchen (Westerwald),AK,129087,6413,1959.934,0.04967967339856066,0.015183047092271104
14,Hildesheim,ALF,275464,16017,4640.144,0.05814552899834461,0.016844829088374525
15,Aschaffenburg,ALZ,174658,4591,2845.354,0.026285655395115026,0.01629100298869791
16,Amberg,AM,42052,2867,1590.431,0.06817749453058118,0.037820579282792734
17,Ansbach,AN,226997,8460,4484.326,0.03726921501165214,0.01975500116741631
18,Ansbach,AN,226997,8460,4484.326,0.03726921501165214,0.01975500116741631
19,Erzgebirgskreis,ANA,331917,11803,4579.686,0.035560094842987854,0.013797684360849247
20,Uckermark,ANG,118250,7747,1659.494,0.06551374207188161,0.014033775898520083
21,Vorpommern-Greifswald,ANK,235773,15107,3433.87,0.06407434269403198,0.014564305497236748
22,Weimarer Land,AP,82291,4322,1071.972,0.05252093181514382,0.013026600721828633
23,Weimarer Land,APD,82291,4322,1071.972,0.05252093181514382,0.013026600721828633
24,Ilm-Kreis,ARN,105606,6444,1672.464,0.06101926026930288,0.015836827452985626
25,Kyffhäuserkreis,ART,73522,5243,968.55,0.07131198824841543,0.013173607899676287
26,Amberg-Sulzbach,AS,102998,2748,1490.142,0.02668012971125653,0.014467678984057944
27,Salzlandkreis,ASL,187457,11899,2615.405,0.06347589047088133,0.013952026331371995
28,Erzgebirgskreis,ASZ,331917,11803,4579.686,0.035560094842987854,0.013797684360849247
29,Mecklenburgische Seenplatte,AT,258057,15356,4031.614,0.05950623311903959,0.0156229592686887
30,Erzgebirgskreis,AU,331917,11803,4579.686,0.035560094842987854,0.013797684360849247
31,Aurich,AUR,190178,9835,2615.997,0.051714709377530525,0.013755518514234033
32,Ahrweiler,AW,130479,8106,1837.666,0.06212493964546019,0.014083998191279822
33,Alzey-Worms,AZ,130715,5143,1472.524,0.03934514019049076,0.011265149370768465
34,Anhalt-Bitterfeld,AZE,157217,11621,2324.662,0.07391694282424928,0.014786327178358573
35,Altötting,AÖ,111654,4214,2923.286,0.03774159456893618,0.026181650455872608
36,Berlin,B,3664088,520436,85073.011,0.14203698164454565,0.023218058900332086
37,Bamberg,BA,224171,11644,5104.604,0.05194249033104193,0.02277102747456183
38,Bamberg,BA,224171,11644,5104.604,0.05194249033104193,0.02277102747456183
39,Baden-Baden,BAD,55449,4270,1724.008,0.07700770077007701,0.031091778030262043
40,Barnim,BAR,187343,11162,2185.098,0.059580555451764945,0.011663622339772502
41,Böblingen,BB,392898,16276,13289.979,0.04142550992878559,0.033825519600507004
42,Salzlandkreis,BBG,187457,11899,2615.405,0.06347589047088133,0.013952026331371995
43,Biberach,BC,202250,6836,5248.391,0.03379975278121137,0.025950017305315203
44,Neckar-Odenwald-Kreis,BCH,143797,4757,2439.709,0.03308135774737999,0.01696634143966842
45,Warendorf,BE,277417,13248,4961.532,0.04775482396536622,0.017884743905384314
46,Mittelsachsen,BED,301474,11826,4471.645,0.03922726337926322,0.01483260579685147
47,Barnim,BER,187343,11162,2185.098,0.059580555451764945,0.011663622339772502
48,Steinfurt,BF,448197,25650,8029.25,0.05722929872355237,0.017914555429866776
49,Berchtesgadener Land,BGD,106327,10962,1994.708,0.10309704966753505,0.01876012677871096
50,Berchtesgadener Land,BGL,106327,10962,1994.708,0.10309704966753505,0.01876012677871096
51,Ortenaukreis,BH,664671,37494,15464.216,0.05640986292466498,0.02326597068324028
52,Rastatt,BH,664671,37494,15464.216,0.05640986292466498,0.02326597068324028
53,Bielefeld,BI,333509,26370,8651.473,0.0790683309895685,0.025940748225685064
54,Marburg-Biedenkopf,BID,245903,10094,5337.529,0.04104870619715904,0.021705831161067578
55,Mainz-Bingen,BIN,211525,11530,3223.418,0.05450892329511878,0.015238945751093252
56,Birkenfeld,BIR,80830,4095,1331.793,0.050661882964245945,0.01647646913274774
57,Eifelkreis Bitburg-Prüm,BIT,100055,4020,1424.128,0.0401779021538154,0.014233451601619108
58,Bautzen,BIW,298010,15147,4670.436,0.050827153451226466,0.01567207811818395
59,Börde,BK,795713,34337,15640.385000000002,0.043152493424136594,0.019655811831652874
60,Rems-Murr-Kreis,BK,795713,34337,15640.385000000002,0.043152493424136594,0.019655811831652874
61,Schwäbisch Hall,BK,795713,34337,15640.385000000002,0.043152493424136594,0.019655811831652874
62,Bernkastel-Wittlich,BKS,112685,5373,1950.582,0.04768159027377202,0.017310041265474554
63,Zollernalbkreis,BL,189862,6494,3719.059,0.034203790121245956,0.019588221971747904
64,Siegen-Wittgenstein,BLB,275491,15926,6554.402,0.05780951101850877,0.023791710074013307
65,Burgenlandkreis,BLK,177590,13767,2414.552,0.07752125682752407,0.013596216003153331
66,Rhein-Erft-Kreis,BM,469611,31241,7830.407,0.06652527304513736,0.016674241020759737
67,Bonn,BN,330579,30762,12522.017,0.09305491274400371,0.037879045553407806
68,Leipzig,BNA,258386,14493,3245.622,0.05609050025930198,0.01256113721331651
69,Bochum,BO,364454,32207,7625.84,0.08837054882097603,0.02092401235821256
70,Straubing-Bogen,BOG,101745,2519,1369.045,0.02475797336478451,0.013455648926237162
71,Borken,BOH,371898,22203,7446.869,0.05970185373408838,0.02002395549317286
72,Borken,BOR,371898,22203,7446.869,0.05970185373408838,0.02002395549317286
73,Bottrop,BOT,117388,8404,1634.953,0.07159164480185368,0.013927769448325212
74,Wesermarsch,BRA,88524,4489,1654.309,0.050709412136821654,0.018687689214224392
75,Brandenburg an der Havel,BRB,72040,6696,1415.243,0.09294836202109939,0.01964523875624653
76,Jerichower Land,BRG,89403,6220,1256.599,0.06957260942026554,0.014055445566703578
77,Bad Kissingen,BRK,103169,3632,1908.821,0.035204373406740395,0.018501885256230068
78,Goslar,BRL,134688,8561,2184.051,0.06356171299596104,0.016215631682109766
79,Rotenburg (Wümme),BRV,164486,9652,2707.449,0.05867976605911749,0.01646005739090257
80,Braunschweig,BS,248561,22904,7484.807,0.09214639464759154,0.030112555871596912
81,Osnabrück,BSB,359471,16093,5789.596,0.04476856269351352,0.016105877803772765
82,Oder-Spree,BSK,179276,12295,2422.724,0.06858140520761284,0.01351393382270912
83,Bayreuth,BT,177727,8366,3940.9570000000003,0.04707219499569565,0.02217421663562655
84,Bayreuth,BT,177727,8366,3940.9570000000003,0.04707219499569565,0.02217421663562655
85,Anhalt-Bitterfeld,BTF,157217,11621,2324.662,0.07391694282424928,0.014786327178358573
86,Amberg-Sulzbach,BUL,251475,8306,4355.176,0.03302912814395069,0.017318524704244956
87,Schwandorf,BUL,251475,8306,4355.176,0.03302912814395069,0.017318524704244956
88,Bautzen,BZ,298010,15147,4670.436,0.050827153451226466,0.01567207811818395
89,Börde,BÖ,170567,9189,2541.576,0.05387325801591163,0.014900748679404574
90,Wetteraukreis,BÜD,310353,11789,4855.154,0.03798577748563732,0.015643973153151414
91,Paderborn,BÜR,308335,18322,6176.215,0.05942238150064054,0.020030859292652473
92,Konstanz,BÜS,286876,18501,5615.981,0.06449127846177442,0.019576336117346868
93,Rostock,BÜZ,217072,10585,2912.705,0.048762622539986734,0.013418151581042235
94,Chemnitz,C,244401,25452,5410.477,0.10414032675807382,0.022137704019214322
95,Oberspreewald-Lausitz,CA,108396,7039,1674.984,0.06493782058378537,0.015452452120004427
96,Recklinghausen,CAS,613599,43944,9070.621,0.07161680511213349,0.014782652840047
97,Cottbus,CB,98693,9439,2240.377,0.0956400149959977,0.022700465078577002
98,Celle,CE,179386,10949,3026.55,0.06103597828147124,0.01687171797130211
99,Cham,CHA,128094,4091,2549.895,0.031937483410620325,0.01990643589863694
100,Cloppenburg,CLP,172632,7020,2932.139,0.04066453496454887,0.01698491009778025
101,Goslar,CLZ,134688,8561,2184.051,0.06356171299596104,0.016215631682109766
102,Coburg,CO,127413,5825,3375.235,0.0457174699598942,0.026490507248083005
103,Coburg,CO,127413,5825,3375.235,0.0457174699598942,0.026490507248083005
104,Cochem-Zell,COC,61578,3004,1013.707,0.048783656500698304,0.016462161811036408
105,Coesfeld,COE,220712,11872,3391.515,0.05378955380767697,0.015366246511290732
106,Schwäbisch Hall,CR,197860,6656,4613.934,0.03363994743758213,0.023319185282522997
107,Cuxhaven,CUX,198826,10199,2307.81,0.05129610815486908,0.011607184171084264
108,Calw,CW,160149,4410,2586.872,0.027536856302568233,0.016152907604793036
109,Düsseldorf,D,620523,69239,28502.749,0.1115816819038134,0.04593342873672692
110,Darmstadt-Dieburg,DA,456875,21926,11480.952000000001,0.04799124487004104,0.02512930670314638
111,Darmstadt,DA,456875,21926,11480.952000000001,0.04799124487004104,0.02512930670314638
112,Dachau,DAH,155117,5033,2326.038,0.03244647588594416,0.01499537768265245
113,Lüchow-Dannenberg,DAN,48503,2225,631.99,0.04587345112673443,0.013029915675319052
114,Vulkaneifel,DAU,60491,2991,1058.442,0.049445372038815695,0.01749751202658247
115,Rostock,DBR,217072,10585,2912.705,0.048762622539986734,0.013418151581042235
116,Dresden,DD,556227,78410,13558.826,0.14096762652658,0.02437642545219847
117,Dessau-Roßlau,DE,79354,8870,1508.367,0.11177760415353984,0.019008077727650778
118,Deggendorf,DEG,119479,5598,2695.537,0.04685342194025728,0.022560759631399658
119,Delmenhorst,DEL,77503,6141,1015.873,0.0792356424912584,0.013107531321368205
120,Dingolfing-Landau,DGF,97244,3233,3396.23,0.03324626712187898,0.03492482826703961
121,Diepholz,DH,218072,10572,3328.816,0.048479401298653656,0.01526475659415239
122,Darmstadt-Dieburg,DI,297701,9805,4310.14,0.03293573081716219,0.014478083714868275
123,Lahn-Dill-Kreis,DIL,253373,9287,5276.147,0.03665347136435216,0.020823635509703085
124,Wesel,DIN,460113,28916,7036.438,0.0628454314483616,0.015292847626561301
125,Rhein-Lahn-Kreis,DIZ,122574,7403,1787.452,0.060396168844942644,0.014582635795519442
126,Ansbach,DKB,185316,5231,2918.167,0.0282274601221697,0.015746978134645685
127,Mittelsachsen,DL,301474,11826,4471.645,0.03922726337926322,0.01483260579685147
128,Dillingen an der Donau,DLG,97172,2569,1775.961,0.026437656938212654,0.018276468530029226
129,Mecklenburgische Seenplatte,DM,258057,15356,4031.614,0.05950623311903959,0.0156229592686887
130,Düren,DN,265140,16868,4471.287,0.06361922003469865,0.01686387191672324
131,Dortmund,DO,587696,67291,13898.594,0.11449967330048189,0.02364929147042008
132,Donau-Ries,DON,134324,5097,3473.076,0.03794556445609124,0.025855960215598106
133,Duisburg,DU,495885,49739,10266.638,0.10030349778678524,0.020703667180898798
134,Göttingen,DUD,323900,22082,7072.762,0.06817536276628589,0.021836251929607902
135,Sächsische Schweiz-Osterzgebirge,DW,244722,13006,3244.53,0.05314601874780363,0.013258023389805576
136,Nordsachsen,DZ,197444,12031,3150.306,0.06093373310913474,0.015955440529973056
137,Bad Dürkheim,DÜW,133004,6702,1489.023,0.05038946197106854,0.011195324952633003
138,Essen,E,582415,55779,14978.672,0.09577191521509576,0.025718211241125315
139,Wartburgkreis,EA,159937,4543,1903.351,0.028404934442936906,0.011900629622914024
140,Nordsachsen,EB,197444,12031,3150.306,0.06093373310913474,0.015955440529973056
141,Ebersberg,EBE,144091,4580,2298.361,0.031785468905066935,0.015950760283431998
142,Haßberge,EBN,84275,2743,1431.24,0.03254820528033225,0.016982972411747257
143,Kulmbach,EBS,291707,8747,4358.392,0.029985567710065237,0.01494099215994131
144,Forchheim,EBS,291707,8747,4358.392,0.029985567710065237,0.01494099215994131
145,Bayreuth,EBS,291707,8747,4358.392,0.029985567710065237,0.01494099215994131
146,Rendsburg-Eckernförde,ECK,274765,13283,4039.644,0.04834312958346223,0.01470217822502866
147,Erding,ED,138891,5408,2229.607,0.03893700815747601,0.016052926395518786
148,Elbe-Elster,EE,101085,5875,1362.979,0.05811940446159173,0.013483494089132908
149,Erfurt,EF,213692,22659,5404.034,0.10603578982835109,0.02528889242461112
150,Rottal-Inn,EG,121800,3690,1922.317,0.030295566502463053,0.015782569786535305
151,Oder-Spree,EH,179276,12295,2422.724,0.06858140520761284,0.01351393382270912
152,Eichstätt,EI,133169,3314,2414.993,0.024885671590234963,0.018134798639322967
153,Eichsfeld,EIC,99463,4124,1425.454,0.04146265445442024,0.014331500155836844
154,Mansfeld-Südharz,EIL,133690,10872,1588.709,0.08132246241304511,0.011883529059765129
155,Northeim,EIN,131772,6671,2121.895,0.050625322526788696,0.016102776007042467
156,Saale-Holzland-Kreis,EIS,82816,4373,1075.406,0.05280380602782071,0.012985485896445131
157,Emsland,EL,328930,17773,6774.018,0.05403277293041073,0.020594102088590277
158,Emmendingen,EM,166862,6482,2872.263,0.0388464719348923,0.017213403890640168
159,Emden,EMD,49874,4235,1922.337,0.08491398323775916,0.038543870553795566
160,Rhein-Lahn-Kreis,EMS,122574,7403,1787.452,0.060396168844942644,0.014582635795519442
161,Ennepe-Ruhr-Kreis,EN,323130,22863,5802.635,0.070754804567821,0.017957586729799153
162,Erlangen,ER,112385,5829,6477.339,0.05186635227121057,0.05763526271299551
163,Odenwaldkreis,ERB,96754,2749,1386.808,0.02841226202534262,0.014333340223660004
164,Erlangen-Höchstadt,ERH,138105,3660,2973.662,0.026501574888671664,0.021531892400709605
165,Heinsberg,ERK,256458,16008,3597.741,0.062419577474674214,0.014028577778817584
166,Erzgebirgskreis,ERZ,331917,11803,4579.686,0.035560094842987854,0.013797684360849247
167,Esslingen,ES,533617,24751,13481.501,0.04638345479997826,0.025264376884544533
168,Amberg-Sulzbach,ESB,472465,14487,7084.302,0.03066258876318881,0.014994342438064195
169,Nürnberger Land,ESB,472465,14487,7084.302,0.03066258876318881,0.014994342438064195
170,Neustadt an der Waldnaab,ESB,472465,14487,7084.302,0.03066258876318881,0.014994342438064195
171,Bayreuth,ESB,472465,14487,7084.302,0.03066258876318881,0.014994342438064195
172,Werra-Meißner-Kreis,ESW,100046,4597,1456.907,0.04594886352277952,0.014562371309197769
173,Euskirchen,EU,194359,10830,2959.954,0.05572162853276669,0.01522931276658143
174,Barnim,EW,187343,11162,2185.098,0.059580555451764945,0.011663622339772502
175,Frankfurt am Main,F,764104,109458,42012.164,0.14325013348968205,0.054982258959513364
176,Wetteraukreis,FB,310353,11789,4855.154,0.03798577748563732,0.015643973153151414
177,Fulda,FD,223023,8845,5212.264,0.03965958667940078,0.02337097070705712
178,Aichach-Friedberg,FDB,135024,3145,1848.362,0.023292155468657424,0.01368913674605996
179,Freudenstadt,FDS,118364,4084,2637.204,0.03450373424351999,0.02228045689567774
180,Ansbach,FEU,185316,5231,2918.167,0.0282274601221697,0.015746978134645685
181,Frankfurt,FF,57015,5872,1366.416,0.10299044111198807,0.023965903709550117
182,Fürstenfeldbruck,FFB,218740,7887,3039.226,0.036056505440248694,0.013894239736673678
183,Mittelsachsen,FG,301474,11826,4471.645,0.03922726337926322,0.01483260579685147
184,Elbe-Elster,FI,101085,5875,1362.979,0.05811940446159173,0.013483494089132908
185,Waldeck-Frankenberg,FKB,156528,5936,3386.15,0.03792292752734335,0.02163287079627926
186,Flensburg,FL,89934,8907,2205.647,0.09903929548335445,0.02452517401650099
187,Mittelsachsen,FLÖ,301474,11826,4471.645,0.03922726337926322,0.01483260579685147
188,Bodenseekreis,FN,217901,9285,6066.743,0.04261109402893975,0.027841740056264084
189,Forchheim,FO,116600,3251,1773.544,0.02788164665523156,0.015210497427101202
190,Spree-Neiße,FOR,113011,6961,1430.928,0.06159577386272133,0.01266184707683323
191,Breisgau-Hochschwarzwald,FR,495807,40133,11659.417,0.08094480311895556,0.023516039507308285
192,Freiburg im Breisgau,FR,495807,40133,11659.417,0.08094480311895556,0.023516039507308285
193,Freyung-Grafenau,FRG,78355,1839,1223.217,0.02347010401378342,0.015611218173696638
194,Friesland,FRI,98971,5463,1452.042,0.05519798728920593,0.01467138858857645
195,Märkisch-Oderland,FRW,197195,12743,2218.484,0.06462131392783793,0.011250204112680342
196,Freising,FS,180313,11486,5470.195,0.06370034329194234,0.03033721916888965
197,Frankenthal,FT,48750,4090,1078.193,0.0838974358974359,0.022116779487179487
198,Sächsische Schweiz-Osterzgebirge,FTL,244722,13006,3244.53,0.05314601874780363,0.013258023389805576
199,Oder-Spree,FW,179276,12295,2422.724,0.06858140520761284,0.01351393382270912
200,Schwalm-Eder-Kreis,FZ,179840,6363,3255.845,0.035381450177935946,0.018104120329181492
201,Fürth,FÜ,246918,11762,4004.872,0.04763524732907281,0.01621944127200123
202,Fürth,FÜ,246918,11762,4004.872,0.04763524732907281,0.01621944127200123
203,Ostallgäu,FÜS,141907,4811,2647.592,0.033902485430598914,0.01865723325840163
204,Gera,G,92126,10260,1659.705,0.11136921173175868,0.018015598202461847
205,Altmarkkreis Salzwedel,GA,82687,5134,1092.649,0.06208956667916359,0.013214277939700314
206,Northeim,GAN,131772,6671,2121.895,0.050625322526788696,0.016102776007042467
207,Garmisch-Partenkirchen,GAP,88279,4292,1577.2,0.04861858426126259,0.017866083666557165
208,Zwickau,GC,312033,15024,5491.437,0.048148753497226256,0.017598898193460305
209,Ostalbkreis,GD,314294,12448,7642.678,0.03960622856306516,0.02431697073440791
210,Nordwestmecklenburg,GDB,157975,9671,2082.073,0.0612185472384871,0.013179762620667826
211,Gelsenkirchen,GE,259105,23387,4618.462,0.09026070511954613,0.017824673394955713
212,Kleve,GEL,313586,20958,4936.128,0.0668333407741417,0.015740906800686256
213,Schweinfurt,GEO,199927,5265,2663.383,0.026334612133428702,0.0133217774487688
214,Haßberge,GEO,199927,5265,2663.383,0.026334612133428702,0.0133217774487688
215,Germersheim,GER,129006,6703,2786.966,0.051958823620606796,0.02160338278839744
216,Gifhorn,GF,177227,7091,1949.297,0.040010833563734645,0.010998871503777641
217,Groß-Gerau,GG,275807,11704,6059.762,0.04243547118093449,0.021971023215509394
218,Leipzig,GHA,258386,14493,3245.622,0.05609050025930198,0.01256113721331651
219,Wittenberg,GHC,124185,8619,1701.545,0.06940451745379876,0.013701695051737328
220,Gießen,GI,271667,18087,5679.578,0.06657783241983752,0.020906396433869406
221,Heinsberg,GK,256458,16008,3597.741,0.062419577474674214,0.014028577778817584
222,Rheinisch-Bergischer Kreis,GL,283275,13573,4135.888,0.04791457064689789,0.014600257700114729
223,Recklinghausen,GLA,613599,43944,9070.621,0.07161680511213349,0.014782652840047
224,Oberbergischer Kreis,GM,271699,12553,5795.841,0.0462018630911413,0.021331845166894247
225,Vorpommern-Rügen,GMN,225383,15738,3177.618,0.06982780422658319,0.01409874746542552
226,Main-Kinzig-Kreis,GN,421689,17635,7593.796,0.04181991941928767,0.018008048585568988
227,Jerichower Land,GNT,89403,6220,1256.599,0.06957260942026554,0.014055445566703578
228,Rhein-Hunsrück-Kreis,GOA,103401,4831,2046.994,0.04672101817197126,0.019796655738339088
229,Rhein-Lahn-Kreis,GOH,122574,7403,1787.452,0.060396168844942644,0.014582635795519442
230,Göppingen,GP,258781,9584,5065.28,0.03703517646195045,0.019573616301042193
231,Görlitz,GR,250558,20333,3569.648,0.08115087125535804,0.014246793157672076
232,Freyung-Grafenau,GRA,78355,1839,1223.217,0.02347010401378342,0.015611218173696638
233,Meißen,GRH,240371,12250,3863.996,0.050962886537893506,0.01607513385558158
234,Rottal-Inn,GRI,121800,3690,1922.317,0.030295566502463053,0.015782569786535305
235,Leipzig,GRM,258386,14493,3245.622,0.05609050025930198,0.01256113721331651
236,Greiz,GRZ,96668,4483,1174.567,0.04637522241072537,0.012150525509992965
237,Goslar,GS,134688,8561,2184.051,0.06356171299596104,0.016215631682109766
238,Gütersloh,GT,364818,17255,9293.868,0.04729755658986125,0.025475354834465405
239,Gotha,GTH,134563,8309,2184.944,0.061748028804351866,0.01623733121288913
240,Spree-Neiße,GUB,113011,6961,1430.928,0.06159577386272133,0.01266184707683323
241,Weißenburg-Gunzenhausen,GUN,95117,3382,1594.391,0.03555620972065982,0.01676241891565125
242,Rhein-Kreis Neuss,GV,452001,28251,8902.262,0.06250207411045551,0.01969522633799483
243,Nordwestmecklenburg,GVM,157975,9671,2082.073,0.0612185472384871,0.013179762620667826
244,Vorpommern-Greifswald,GW,235773,15107,3433.87,0.06407434269403198,0.014564305497236748
245,Günzburg,GZ,127342,4975,2700.444,0.03906802154827158,0.021206232036562956
246,Göttingen,GÖ,323900,22082,7072.762,0.06817536276628589,0.021836251929607902
247,Rostock,GÜ,217072,10585,2912.705,0.048762622539986734,0.013418151581042235
248,Hannover,H,1155330,114685,30861.598,0.09926601057706456,0.026712366163780046
249,Hagen,HA,188687,15713,3970.066,0.08327547737787977,0.021040485036065017
250,Bad Kissingen,HAB,103169,3632,1908.821,0.035204373406740395,0.018501885256230068
251,Halle,HAL,237865,30399,4610.456,0.12779938200239632,0.019382658230508904
252,Hamm,HAM,178967,14866,3073.566,0.08306559309816894,0.017173925919303556
253,Haßberge,HAS,84275,2743,1431.24,0.03254820528033225,0.016982972411747257
254,Bremerhaven,HB,680130,80990,18902.783,0.1190801758487348,0.027792896946172055
255,Bremen,HB,680130,80990,18902.783,0.1190801758487348,0.027792896946172055
256,Hildburghausen,HBN,62656,2682,776.133,0.04280515832482125,0.012387209525025537
257,Harz,HBS,210975,18881,2960.601,0.08949401587865861,0.01403294703163882
258,Mittelsachsen,HC,301474,11826,4471.645,0.03922726337926322,0.01483260579685147
259,Freudenstadt,HCH,308226,10578,6356.263000000001,0.03431897374004789,0.020622085742280017
260,Zollernalbkreis,HCH,308226,10578,6356.263000000001,0.03431897374004789,0.020622085742280017
261,Heidelberg,HD,706974,39947,15967.103,0.05650419958866946,0.022585134672562214
262,Rhein-Neckar-Kreis,HD,706974,39947,15967.103,0.05650419958866946,0.022585134672562214
263,Heidenheim,HDH,132812,5096,2949.262,0.03837002680480679,0.022206291600156615
264,Börde,HDL,170567,9189,2541.576,0.05387325801591163,0.014900748679404574
265,Helmstedt,HE,91518,5828,1027.936,0.06368146157040146,0.01123206363775432
266,Nürnberger Land,HEB,171143,5614,2930.562,0.0328029776268968,0.017123469846853215
267,Hersfeld-Rotenburg,HEF,120304,5506,2700.914,0.04576738928048943,0.022450741454980716
268,Dithmarschen,HEI,133251,7262,2029.417,0.054498652918176974,0.015230032044787655
269,Herne,HER,156940,13197,2418.124,0.0840894609404868,0.015407952083598827
270,Mansfeld-Südharz,HET,133690,10872,1588.709,0.08132246241304511,0.011883529059765129
271,Herford,HF,250547,12423,4764.72,0.049583511277325215,0.01901727021277445
272,Hochtaunuskreis,HG,237281,10590,6252.546,0.04463062782102233,0.0263508076921456
273,Ludwigslust-Parchim,HGN,211844,12661,2678.914,0.059765676629973,0.01264569211306433
274,Vorpommern-Greifswald,HGW,235773,15107,3433.87,0.06407434269403198,0.014564305497236748
275,Hamburg,HH,1841179,224292,62479.37,0.1218197687460046,0.03393443548943367
276,Burgenlandkreis,HHM,177590,13767,2414.552,0.07752125682752407,0.013596216003153331
277,Hildesheim,HI,275464,16017,4640.144,0.05814552899834461,0.016844829088374525
278,Eichsfeld,HIG,99463,4124,1425.454,0.04146265445442024,0.014331500155836844
279,Roth,HIP,127168,3578,2015.333,0.02813600905888274,0.01584779976094615
280,Heidekreis,HK,140885,12440,2505.506,0.08829896724278667,0.017784050821592078
281,Lübeck,HL,215846,23614,5065.762,0.10940207370069402,0.02346933461820001
282,Hameln-Pyrmont,HM,148580,9294,2698.323,0.0625521604522816,0.01816074168797954
283,Göttingen,HMÜ,323900,22082,7072.762,0.06817536276628589,0.021836251929607902
284,Heilbronn,HN,472821,19152,13165.025,0.040505815097045185,0.027843570822784942
285,Heilbronn,HN,472821,19152,13165.025,0.040505815097045185,0.027843570822784942
286,Hof,HO,139695,7922,3104.0649999999996,0.056709259458105156,0.02222030137084362
287,Hof,HO,139695,7922,3104.0649999999996,0.056709259458105156,0.02222030137084362
288,Kassel,HOG,237007,7138,4408.793,0.030117253920770273,0.018601952684941792
289,Haßberge,HOH,84275,2743,1431.24,0.03254820528033225,0.016982972411747257
290,Holzminden,HOL,70207,3513,1144.968,0.05003774552395061,0.01630845927044312
291,Saarpfalz-Kreis,HOM,141656,7438,3458.434,0.05250748291636076,0.024414313548314227
292,Freudenstadt,HOR,118364,4084,2637.204,0.03450373424351999,0.02228045689567774
293,Zwickau,HOT,312033,15024,5491.437,0.048148753497226256,0.017598898193460305
294,Bergstraße,HP,271015,9679,4224.631,0.03571389037507149,0.015588181465970519
295,Schwalm-Eder-Kreis,HR,179840,6363,3255.845,0.035381450177935946,0.018104120329181492
296,Rostock,HRO,209061,18832,4575.993,0.09007897216601853,0.02188831489373915
297,Heinsberg,HS,256458,16008,3597.741,0.062419577474674214,0.014028577778817584
298,Hochsauerlandkreis,HSK,259030,12260,5513.311,0.04733042504729182,0.021284449677643515
299,Vorpommern-Rügen,HST,225383,15738,3177.618,0.06982780422658319,0.01409874746542552
300,Main-Kinzig-Kreis,HU,421689,17635,7593.796,0.04181991941928767,0.018008048585568988
301,Stendal,HV,110485,7852,1478.961,0.07106847083314477,0.013386079558311084
302,Havelland,HVL,164693,10096,1806.637,0.061301937544400796,0.010969725489243623
303,Nordwestmecklenburg,HWI,157975,9671,2082.073,0.0612185472384871,0.013179762620667826
304,Höxter,HX,139729,6375,2141.52,0.04562402937113985,0.015326238647667986
305,Bautzen,HY,298010,15147,4670.436,0.050827153451226466,0.01567207811818395
306,Harz,HZ,210975,18881,2960.601,0.08949401587865861,0.01403294703163882
307,Erlangen-Höchstadt,HÖS,138105,3660,2973.662,0.026501574888671664,0.021531892400709605
308,Saarpfalz-Kreis,IGB,141656,7438,3458.434,0.05250748291636076,0.024414313548314227
309,Ilm-Kreis,IK,105606,6444,1672.464,0.06101926026930288,0.015836827452985626
310,Ilm-Kreis,IL,105606,6444,1672.464,0.06101926026930288,0.015836827452985626
311,Neu-Ulm,ILL,175823,7744,3702.966,0.044044294546219775,0.02106075996883229
312,Ingolstadt,IN,136952,9906,7859.793,0.07233191191074245,0.05739085957123664
313,Steinburg,IZ,130706,8390,1898.289,0.06418986121524643,0.014523350113996298
314,Jena,J,110731,7780,2973.536,0.07026036069393395,0.02685369047511537
315,Wittenberg,JE,124185,8619,1701.545,0.06940451745379876,0.013701695051737328
316,Jerichower Land,JL,89403,6220,1256.599,0.06957260942026554,0.014055445566703578
317,Düren,JÜL,265140,16868,4471.287,0.06361922003469865,0.01686387191672324
318,Köln,K,1083498,136858,37382.945,0.1263112622266031,0.034502089528545506
319,Karlsruhe,KA,755288,44701,20448.491,0.05918404635053119,0.02707376656321827
320,Karlsruhe,KA,755288,44701,20448.491,0.05918404635053119,0.02707376656321827
321,Waldeck-Frankenberg,KB,156528,5936,3386.15,0.03792292752734335,0.02163287079627926
322,Kronach,KC,66355,2545,1227.875,0.03835430638233743,0.018504634164720066
323,Kempten,KE,68940,4486,2050.316,0.06507107629823035,0.029740586016826224
324,Kelheim,KEH,123390,3634,2031.253,0.029451333171245642,0.016462055271902098
325,Ortenaukreis,KEL,432580,26165,9769.471,0.060485921679226964,0.022584194831013916
326,Tirschenreuth,KEM,175375,5429,2500.957,0.030956521739130435,0.014260624376336422
327,Bayreuth,KEM,175375,5429,2500.957,0.030956521739130435,0.014260624376336422
328,Kaufbeuren,KF,44662,2765,978.222,0.061909453226456496,0.021902780887555415
329,Bad Kissingen,KG,103169,3632,1908.821,0.035204373406740395,0.018501885256230068
330,Bad Kreuznach,KH,158746,9501,2579.935,0.05985032693737165,0.016251968553538356
331,Kiel,KI,246601,23934,7125.399,0.09705556749567114,0.028894444872486325
332,Donnersbergkreis,KIB,75539,3511,1116.267,0.04647930208236805,0.014777360039185058
333,Viersen,KK,298536,17940,4606.94,0.06009325508481389,0.015431773722432134
334,Kaiserslautern,KL,205982,17110,3950.62,0.08306551057859425,0.019179442863939567
335,Kaiserslautern,KL,205982,17110,3950.62,0.08306551057859425,0.019179442863939567
336,Kleve,KLE,313586,20958,4936.128,0.0668333407741417,0.015740906800686256
337,Altmarkkreis Salzwedel,KLZ,82687,5134,1092.649,0.06208956667916359,0.013214277939700314
338,Bautzen,KM,298010,15147,4670.436,0.050827153451226466,0.01567207811818395
339,Konstanz,KN,286876,18501,5615.981,0.06449127846177442,0.019576336117346868
340,Koblenz,KO,113388,11264,4709.126,0.09934031819945673,0.041531079126538965
341,Krefeld,KR,226844,21934,5416.271,0.09669199978840085,0.02387663328102132
342,Günzburg,KRU,127342,4975,2700.444,0.03906802154827158,0.021206232036562956
343,Kassel,KS,438055,25520,10998.493999999999,0.05825752474004406,0.025107564118660896
344,Kassel,KS,438055,25520,10998.493999999999,0.05825752474004406,0.025107564118660896
345,Kitzingen,KT,91696,3803,1733.913,0.04147400104693771,0.01890936354911883
346,Kulmbach,KU,71428,2631,1402.76,0.03683429467435739,0.019638797110376884
347,Kusel,KUS,70105,3868,607.443,0.055174381285215034,0.008664760002852863
348,Dahme-Spreewald,KW,173316,15647,2692.266,0.09028018186434028,0.015533857231877035
349,Ostprignitz-Ruppin,KY,98808,7625,1471.577,0.07716986478827625,0.014893298113513077
350,Kyffhäuserkreis,KYF,73522,5243,968.55,0.07131198824841543,0.013173607899676287
351,Rhön-Grabfeld,KÖN,79510,2399,1665.335,0.03017230537039366,0.020944975474783047
352,Anhalt-Bitterfeld,KÖT,157217,11621,2324.662,0.07391694282424928,0.014786327178358573
353,Cham,KÖZ,128094,4091,2549.895,0.031937483410620325,0.01990643589863694
354,Hohenlohekreis,KÜN,112765,4085,3395.493,0.03622577927548441,0.030111231321775372
355,Leipzig,L,855879,93876,16606.055,0.10968372865790608,0.019402339583048538
356,Leipzig,L,855879,93876,16606.055,0.10968372865790608,0.019402339583048538
357,Landshut,LA,234256,9571,4964.03,0.04085701113311932,0.021190620517724197
358,Landshut,LA,234256,9571,4964.03,0.04085701113311932,0.021190620517724197
359,Dingolfing-Landau,LAN,97244,3233,3396.23,0.03324626712187898,0.03492482826703961
360,Nürnberger Land,LAU,171143,5614,2930.562,0.0328029776268968,0.017123469846853215
361,Ludwigsburg,LB,544971,21945,13125.153,0.04026819775731186,0.024084131082204373
362,Saale-Orla-Kreis,LBS,79632,4747,1161.171,0.05961171388386578,0.014581713381555155
363,Ludwigslust-Parchim,LBZ,211844,12661,2678.914,0.059765676629973,0.01264569211306433
364,Dahme-Spreewald,LC,173316,15647,2692.266,0.09028018186434028,0.015533857231877035
365,Landau in der Pfalz,LD,46685,3984,1205.469,0.08533790296669165,0.025821334475741673
366,Lahn-Dill-Kreis,LDK,253373,9287,5276.147,0.03665347136435216,0.020823635509703085
367,Dahme-Spreewald,LDS,173316,15647,2692.266,0.09028018186434028,0.015533857231877035
368,Böblingen,LEO,392898,16276,13289.979,0.04142550992878559,0.033825519600507004
369,Leer,LER,171483,8747,2182.858,0.05100797163567234,0.012729296781605174
370,Leverkusen,LEV,163905,12570,4321.012,0.07669076599249565,0.0263629053415088
371,Berchtesgadener Land,LF,395466,21781,8675.15,0.05507679547672872,0.02193652551673216
372,Altötting,LF,395466,21781,8675.15,0.05507679547672872,0.02193652551673216
373,Traunstein,LF,395466,21781,8675.15,0.05507679547672872,0.02193652551673216
374,Lüneburg,LG,184235,12574,2970.223,0.06824978967080088,0.0161219258012864
375,Unna,LH,614330,37368,10079.14,0.060827242687155114,0.016406719515569806
376,Coesfeld,LH,614330,37368,10079.14,0.060827242687155114,0.016406719515569806
377,Lindau (Bodensee),LI,82085,6307,1799.102,0.07683498812206858,0.0219175488822562
378,Elbe-Elster,LIB,101085,5875,1362.979,0.05811940446159173,0.013483494089132908
379,Lichtenfels,LIF,66722,2780,1380.951,0.04166541770330626,0.020697086418272833
380,Lippe,LIP,346970,14511,6230.185,0.0418220595440528,0.017955976020981642
381,Landsberg am Lech,LL,121019,3891,2219.265,0.03215197613597865,0.01833815351308472
382,Limburg-Weilburg,LM,172291,7917,2988.451,0.04595132653475806,0.017345369171924245
383,Dahme-Spreewald,LN,173316,15647,2692.266,0.09028018186434028,0.015533857231877035
384,Oder-Spree,LOS,179276,12295,2422.724,0.06858140520761284,0.01351393382270912
385,Soest,LP,301016,16898,5861.528,0.05613655088101629,0.019472479868179765
386,Ortenaukreis,LR,432580,26165,9769.471,0.060485921679226964,0.022584194831013916
387,Rostock,LRO,217072,10585,2912.705,0.048762622539986734,0.013418151581042235
388,Unstrut-Hainich-Kreis,LSZ,101698,6738,1440.619,0.06625499026529529,0.014165657141733366
389,Ludwigshafen am Rhein,LU,172557,16117,7333.909,0.09340102111186449,0.042501370561611525
390,Ludwigslust-Parchim,LUP,211844,12661,2678.914,0.059765676629973,0.01264569211306433
391,Ludwigslust-Parchim,LWL,211844,12661,2678.914,0.059765676629973,0.01264569211306433
392,Lörrach,LÖ,228842,21580,4256.009,0.09430087134354707,0.01859802396413246
393,Görlitz,LÖB,250558,20333,3569.648,0.08115087125535804,0.014246793157672076
394,Unna,LÜN,393618,25496,6687.625,0.06477346056328724,0.016990140186678455
395,München,M,1837887,109055,81105.15400000001,0.059337162730896946,0.0441295650929573
396,München,M,1837887,109055,81105.15400000001,0.059337162730896946,0.0441295650929573
397,Mannheim,MA,309721,34891,11716.876,0.1126530006037692,0.037830421572964054
398,Erzgebirgskreis,MAB,331917,11803,4579.686,0.035560094842987854,0.013797684360849247
399,Kelheim,MAI,284581,7782,4690.8099999999995,0.02734546579005626,0.016483215674974787
400,Landshut,MAI,284581,7782,4690.8099999999995,0.02734546579005626,0.016483215674974787
401,Wunsiedel im Fichtelgebirge,MAK,71974,4052,1548.508,0.05629810764998472,0.021514824797843668
402,Straubing-Bogen,MAL,262936,6667,4028.602,0.025355980162472997,0.015321606778835914
403,Landshut,MAL,262936,6667,4028.602,0.025355980162472997,0.015321606778835914
404,Miesbach,MB,100183,4221,1994.918,0.04213289679885809,0.019912739686373936
405,Mecklenburgische Seenplatte,MC,258057,15356,4031.614,0.05950623311903959,0.0156229592686887
406,Magdeburg,MD,235775,27143,5042.619,0.1151224684550949,0.021387420209945922
407,Mettmann,ME,484322,29072,11576.18,0.060026180929216515,0.02390182564492218
408,Dithmarschen,MED,133251,7262,2029.417,0.054498652918176974,0.015230032044787655
409,Schwalm-Eder-Kreis,MEG,179840,6363,3255.845,0.035381450177935946,0.018104120329181492
410,Meißen,MEI,240371,12250,3863.996,0.050962886537893506,0.01607513385558158
411,Erzgebirgskreis,MEK,331917,11803,4579.686,0.035560094842987854,0.013797684360849247
412,Osnabrück,MEL,359471,16093,5789.596,0.04476856269351352,0.016105877803772765
413,Saalekreis,MER,183434,12373,3069.026,0.06745205359965982,0.016730955002889323
414,Rhön-Grabfeld,MET,79510,2399,1665.335,0.03017230537039366,0.020944975474783047
415,Mönchengladbach,MG,259665,21546,5221.367,0.08297614233724221,0.020108089268865655
416,Main-Tauber-Kreis,MGH,132684,5216,3033.023,0.039311446745651325,0.02285899580959272
417,Schmalkalden-Meiningen,MGN,124241,6179,1810.4,0.049733984755435,0.014571679236322953
418,Mülheim an der Ruhr,MH,170921,12243,3457.882,0.07162958325776236,0.02023087859303421
419,Unstrut-Hainich-Kreis,MHL,101698,6738,1440.619,0.06625499026529529,0.014165657141733366
420,Minden-Lübbecke,MI,310270,15207,6598.088,0.049012150707448354,0.021265633158217036
421,Miltenberg,MIL,128743,4419,2281.957,0.03432419626698151,0.01772490154804533
422,Märkischer Kreis,MK,408662,24218,8834.735,0.05926168814325775,0.021618684878946418
423,Main-Kinzig-Kreis,MKK,421689,17635,7593.796,0.04181991941928767,0.018008048585568988
424,Mansfeld-Südharz,ML,133690,10872,1588.709,0.08132246241304511,0.011883529059765129
425,Memmingen,MM,44360,2886,1611.19,0.06505861136158701,0.03632078449053201
426,Unterallgäu,MN,146164,4308,2895.58,0.02947374182425221,0.019810486850387235
427,Wesel,MO,460113,28916,7036.438,0.0628454314483616,0.015292847626561301
428,Ostallgäu,MOD,141907,4811,2647.592,0.033902485430598914,0.01865723325840163
429,Märkisch-Oderland,MOL,197195,12743,2218.484,0.06462131392783793,0.011250204112680342
430,Aachen,MON,821771,66010,16788.186,0.08032651432089961,0.020429275309058123
431,Düren,MON,821771,66010,16788.186,0.08032651432089961,0.020429275309058123
432,Neckar-Odenwald-Kreis,MOS,143797,4757,2439.709,0.03308135774737999,0.01696634143966842
433,Saalekreis,MQ,183434,12373,3069.026,0.06745205359965982,0.016730955002889323
434,Marburg-Biedenkopf,MR,245903,10094,5337.529,0.04104870619715904,0.021705831161067578
435,Münster,MS,316403,29475,10142.934,0.09315651242244859,0.03205700957323413
436,Mecklenburgische Seenplatte,MSE,258057,15356,4031.614,0.05950623311903959,0.0156229592686887
437,Mansfeld-Südharz,MSH,133690,10872,1588.709,0.08132246241304511,0.011883529059765129
438,Main-Spessart,MSP,125976,3696,2627.755,0.029338921699371308,0.02085917158823903
439,Mecklenburgische Seenplatte,MST,258057,15356,4031.614,0.05950623311903959,0.0156229592686887
440,Main-Taunus-Kreis,MTK,239264,10762,6634.653,0.04497960411929918,0.027729424401497928
441,Leipzig,MTL,258386,14493,3245.622,0.05609050025930198,0.01256113721331651
442,Mittelsachsen,MW,301474,11826,4471.645,0.03922726337926322,0.01483260579685147
443,Mayen-Koblenz,MY,214786,10514,3501.378,0.04895104895104895,0.01630170495283678
444,Mayen-Koblenz,MYK,214786,10514,3501.378,0.04895104895104895,0.01630170495283678
445,Mainz,MZ,428648,30216,10322.585000000001,0.07049140553554431,0.02408172906440716
446,Mainz-Bingen,MZ,428648,30216,10322.585000000001,0.07049140553554431,0.02408172906440716
447,Merzig-Wadern,MZG,103471,5028,1530.639,0.04859332566612867,0.014792927486928703
448,Mühldorf am Inn,MÜ,116483,3706,2091.641,0.031815801447421514,0.01795662027935407
449,Hof,MÜB,198201,7142,3030.379,0.03603412697211417,0.015289423363151547
450,Bayreuth,MÜB,198201,7142,3030.379,0.03603412697211417,0.015289423363151547
451,Mecklenburgische Seenplatte,MÜR,258057,15356,4031.614,0.05950623311903959,0.0156229592686887
452,Nürnberger Land,N,686686,49364,22128.326,0.07188729637709229,0.0322248101752475
453,Nürnberg,N,686686,49364,22128.326,0.07188729637709229,0.0322248101752475
454,Amberg-Sulzbach,NAB,251475,8306,4355.176,0.03302912814395069,0.017318524704244956
455,Schwandorf,NAB,251475,8306,4355.176,0.03302912814395069,0.017318524704244956
456,Hof,NAI,94522,4277,1848.291,0.04524872516451196,0.019554082647425995
457,Havelland,NAU,164693,10096,1806.637,0.061301937544400796,0.010969725489243623
458,Mecklenburgische Seenplatte,NB,258057,15356,4031.614,0.05950623311903959,0.0156229592686887
459,Neuburg-Schrobenhausen,ND,97730,3357,1697.93,0.03434973907704901,0.01737368259490433
460,Nordhausen,NDH,82456,5838,1263.028,0.07080139710876103,0.015317599689531386
461,Rhein-Kreis Neuss,NE,452001,28251,8902.262,0.06250207411045551,0.01969522633799483
462,Neustadt an der Aisch-Bad Windsheim,NEA,101272,2770,1609.13,0.027352081523027094,0.015889189509439926
463,Burgenlandkreis,NEB,177590,13767,2414.552,0.07752125682752407,0.013596216003153331
464,Coburg,NEC,127413,5825,3375.235,0.0457174699598942,0.026490507248083005
465,Coburg,NEC,127413,5825,3375.235,0.0457174699598942,0.026490507248083005
466,Schwandorf,NEN,148477,5558,2865.034,0.03743340719438028,0.019296146877967633
467,Rhön-Grabfeld,NES,79510,2399,1665.335,0.03017230537039366,0.020944975474783047
468,Neustadt an der Waldnaab,NEW,94645,3260,1481.51,0.034444503143325055,0.015653336150879604
469,Nordfriesland,NF,167147,8561,2921.941,0.051218388604043145,0.017481264994286465
470,Sonneberg,NH,57044,3117,805.761,0.05464203071313372,0.014125254189748264
471,Nienburg/Weser,NI,121645,6405,2014.228,0.05265321221587406,0.016558247359118747
472,Neunkirchen,NK,131172,8111,1872.303,0.06183484280181746,0.014273648339584668
473,Neumarkt in der Oberpfalz,NM,135225,3586,2644.093,0.02651876502126086,0.019553285265298575
474,Burgenlandkreis,NMB,177590,13767,2414.552,0.07752125682752407,0.013596216003153331
475,Neumünster,NMS,79905,9751,2006.759,0.12203241349102059,0.025114310744008512
476,Grafschaft Bentheim,NOH,137891,8117,2361.793,0.05886533566367638,0.01712797064347927
477,Görlitz,NOL,250558,20333,3569.648,0.08115087125535804,0.014246793157672076
478,Northeim,NOM,131772,6671,2121.895,0.050625322526788696,0.016102776007042467
479,Aurich,NOR,190178,9835,2615.997,0.051714709377530525,0.013755518514234033
480,Ostprignitz-Ruppin,NP,98808,7625,1471.577,0.07716986478827625,0.014893298113513077
481,Neuwied,NR,183131,10625,3164.851,0.05801857686574092,0.01728189656584631
482,Esslingen,NT,533617,24751,13481.501,0.04638345479997826,0.025264376884544533
483,Neu-Ulm,NU,175823,7744,3702.966,0.044044294546219775,0.02106075996883229
484,Vorpommern-Rügen,NVP,225383,15738,3177.618,0.06982780422658319,0.01409874746542552
485,Neustadt an der Weinstraße,NW,53306,3777,946.385,0.0708550632199002,0.017753817581510525
486,Nordwestmecklenburg,NWM,157975,9671,2082.073,0.0612185472384871,0.013179762620667826
487,Görlitz,NY,250558,20333,3569.648,0.08115087125535804,0.014246793157672076
488,Mecklenburgische Seenplatte,NZ,258057,15356,4031.614,0.05950623311903959,0.0156229592686887
489,Donau-Ries,NÖ,134324,5097,3473.076,0.03794556445609124,0.025855960215598106
490,Oberallgäu,OA,156308,4914,2724.036,0.0314379302402948,0.017427361363461884
491,Ostallgäu,OAL,141907,4811,2647.592,0.033902485430598914,0.01865723325840163
492,Oberhausen,OB,209566,16470,3456.023,0.07859099281371978,0.01649133447219492
493,Miltenberg,OBB,128743,4419,2281.957,0.03432419626698151,0.01772490154804533
494,Stendal,OBG,110485,7852,1478.961,0.07106847083314477,0.013386079558311084
495,Börde,OC,170567,9189,2541.576,0.05387325801591163,0.014900748679404574
496,Würzburg,OCH,162697,3743,2102.134,0.023005955856592316,0.012920545554005299
497,Stormarn,OD,244989,13549,4346.965,0.05530452387658221,0.017743510933143938
498,Olpe,OE,133362,5987,3120.933,0.0448928480376719,0.023401966077293383
499,Offenbach am Main,OF,487434,27496,10409.757,0.05640968828600385,0.021356238998510566
500,Offenbach,OF,487434,27496,10409.757,0.05640968828600385,0.021356238998510566
501,Ortenaukreis,OG,432580,26165,9769.471,0.060485921679226964,0.022584194831013916
502,Ostholstein,OH,201487,13119,2836.268,0.06511090045511621,0.01407667988505462
503,Göttingen,OHA,323900,22082,7072.762,0.06817536276628589,0.021836251929607902
504,Oberhavel,OHV,214234,12821,2731.961,0.05984577611396884,0.012752228871234257
505,Osterholz,OHZ,114640,5374,1253.949,0.04687718073970691,0.010938145498953245
506,Börde,OK,170567,9189,2541.576,0.05387325801591163,0.014900748679404574
507,Oldenburg,OL,301072,19992,6335.385,0.06640272094382739,0.021042757214221185
508,Oldenburg,OL,301072,19992,6335.385,0.06640272094382739,0.021042757214221185
509,Leverkusen,OP,163905,12570,4321.012,0.07669076599249565,0.0263629053415088
510,Ostprignitz-Ruppin,OPR,98808,7625,1471.577,0.07716986478827625,0.014893298113513077
511,Osnabrück,OS,523694,33269,10830.208999999999,0.06352755616829675,0.020680414516874357
512,Osnabrück,OS,523694,33269,10830.208999999999,0.06352755616829675,0.020680414516874357
513,Oberspreewald-Lausitz,OSL,108396,7039,1674.984,0.06493782058378537,0.015452452120004427
514,Schwandorf,OVI,148477,5558,2865.034,0.03743340719438028,0.019296146877967633
515,Vogtlandkreis,OVL,223905,13866,3264.695,0.06192804984256716,0.014580715035394477
516,Nordsachsen,OZ,197444,12031,3150.306,0.06093373310913474,0.015955440529973056
517,Potsdam,P,182112,15311,4705.942,0.08407463538921103,0.025840922069934984
518,Passau,PA,245869,11527,5151.299999999999,0.046882689562327905,0.020951400949286
519,Passau,PA,245869,11527,5151.299999999999,0.046882689562327905,0.020951400949286
520,Pfaffenhofen an der Ilm,PAF,129128,4236,2622.061,0.032804658943064245,0.020305905767920206
521,Rottal-Inn,PAN,121800,3690,1922.317,0.030295566502463053,0.015782569786535305
522,Kelheim,PAR,258615,7220,4675.346,0.027917947528178954,0.01807840225818301
523,Neumarkt in der Oberpfalz,PAR,258615,7220,4675.346,0.027917947528178954,0.01807840225818301
524,Paderborn,PB,308335,18322,6176.215,0.05942238150064054,0.020030859292652473
525,Ludwigslust-Parchim,PCH,211844,12661,2678.914,0.059765676629973,0.01264569211306433
526,Peine,PE,135844,6840,1563.953,0.0503518742086511,0.011512860339801537
527,Forchheim,PEG,391422,11730,5886.1939999999995,0.02996765639131168,0.015037974360153491
528,Nürnberger Land,PEG,391422,11730,5886.1939999999995,0.02996765639131168,0.015037974360153491
529,Bayreuth,PEG,391422,11730,5886.1939999999995,0.02996765639131168,0.015037974360153491
530,Pforzheim,PF,325768,14391,6531.036,0.04417560963630559,0.0200481201345743
531,Enzkreis,PF,325768,14391,6531.036,0.04417560963630559,0.0200481201345743
532,Pinneberg,PI,317085,17571,4717.454,0.05541416339467335,0.014877569106075657
533,Sächsische Schweiz-Osterzgebirge,PIR,244722,13006,3244.53,0.05314601874780363,0.013258023389805576
534,Vogtlandkreis,PL,223905,13866,3264.695,0.06192804984256716,0.014580715035394477
535,Plön,PLÖ,129353,5480,1301.252,0.042364691966943174,0.010059697107914002
536,Potsdam-Mittelmark,PM,217954,11453,2897.059,0.05254778531249713,0.013292066215807006
537,Saale-Orla-Kreis,PN,79632,4747,1161.171,0.05961171388386578,0.014581713381555155
538,Prignitz,PR,76096,4832,1042.593,0.06349873843566022,0.013701022392767033
539,Eifelkreis Bitburg-Prüm,PRÜ,100055,4020,1424.128,0.0401779021538154,0.014233451601619108
540,Pirmasens,PS,135088,6723,1635.038,0.04976755892455288,0.012103502901812151
541,Südwestpfalz,PS,135088,6723,1635.038,0.04976755892455288,0.012103502901812151
542,Vorpommern-Greifswald,PW,235773,15107,3433.87,0.06407434269403198,0.014564305497236748
543,Uckermark,PZ,118250,7747,1659.494,0.06551374207188161,0.014033775898520083
544,Saalekreis,QFT,183434,12373,3069.026,0.06745205359965982,0.016730955002889323
545,Harz,QLB,210975,18881,2960.601,0.08949401587865861,0.01403294703163882
546,Regensburg,R,346545,18943,10377.863,0.054662453649598174,0.029946653392777273
547,Regensburg,R,346545,18943,10377.863,0.054662453649598174,0.029946653392777273
548,Rastatt,RA,232091,11329,5694.745,0.04881275017126903,0.024536690349905854
549,Vogtlandkreis,RC,223905,13866,3264.695,0.06192804984256716,0.014580715035394477
550,Rendsburg-Eckernförde,RD,274765,13283,4039.644,0.04834312958346223,0.01470217822502866
551,Vorpommern-Rügen,RDG,225383,15738,3177.618,0.06982780422658319,0.01409874746542552
552,Recklinghausen,RE,613599,43944,9070.621,0.07161680511213349,0.014782652840047
553,Regen,REG,77313,2298,1391.168,0.02972333242792286,0.017993972553128193
554,Wunsiedel im Fichtelgebirge,REH,166496,8329,3396.799,0.0500252258312512,0.02040168532577359
555,Hof,REH,166496,8329,3396.799,0.0500252258312512,0.02040168532577359
556,Berchtesgadener Land,REI,106327,10962,1994.708,0.10309704966753505,0.01876012677871096
557,Meißen,RG,240371,12250,3863.996,0.050962886537893506,0.01607513385558158
558,Roth,RH,127168,3578,2015.333,0.02813600905888274,0.01584779976094615
559,Schaumburg,RI,158406,8817,2151.824,0.055660770425362674,0.013584232920470184
560,Kelheim,RID,123390,3634,2031.253,0.029451333171245642,0.016462055271902098
561,Meißen,RIE,240371,12250,3863.996,0.050962886537893506,0.01607513385558158
562,Mittelsachsen,RL,301474,11826,4471.645,0.03922726337926322,0.01483260579685147
563,Mecklenburgische Seenplatte,RM,258057,15356,4031.614,0.05950623311903959,0.0156229592686887
564,Havelland,RN,164693,10096,1806.637,0.061301937544400796,0.010969725489243623
565,Rosenheim,RO,325312,18834,6540.624,0.057895189848514654,0.0201056954554397
566,Rosenheim,RO,325312,18834,6540.624,0.057895189848514654,0.0201056954554397
567,Cham,ROD,276571,9649,5414.929,0.03488796728507327,0.01957880254979734
568,Schwandorf,ROD,276571,9649,5414.929,0.03488796728507327,0.01957880254979734
569,Hersfeld-Rotenburg,ROF,120304,5506,2700.914,0.04576738928048943,0.022450741454980716
570,Donnersbergkreis,ROK,75539,3511,1116.267,0.04647930208236805,0.014777360039185058
571,Kelheim,ROL,284581,7782,4690.8099999999995,0.02734546579005626,0.016483215674974787
572,Landshut,ROL,284581,7782,4690.8099999999995,0.02734546579005626,0.016483215674974787
573,Rostock,ROS,217072,10585,2912.705,0.048762622539986734,0.013418151581042235
574,Ansbach,ROT,185316,5231,2918.167,0.0282274601221697,0.015746978134645685
575,Rotenburg (Wümme),ROW,164486,9652,2707.449,0.05867976605911749,0.01646005739090257
576,Rhein-Pfalz-Kreis,RP,154754,6780,1418.999,0.04381146852423847,0.009169384959354846
577,Remscheid,RS,111516,7180,2580.31,0.06438537967645898,0.02313847340291976
578,Dessau-Roßlau,RSL,79354,8870,1508.367,0.11177760415353984,0.019008077727650778
579,Reutlingen,RT,287497,13019,6562.24,0.04528395078905171,0.022825420786999517
580,Saalfeld-Rudolstadt,RU,102139,5793,1514.093,0.05671682706899421,0.01482384789355682
581,Ravensburg,RV,285888,13395,6302.508,0.04685401276024177,0.022045374412357287
582,Rottweil,RW,140166,4360,3183.009,0.031105974344705564,0.022708852360772226
583,Herzogtum Lauenburg,RZ,199152,10167,2366.163,0.051051458182694624,0.011881191250903832
584,Rheingau-Taunus-Kreis,RÜD,187433,5903,2504.622,0.031493920494256616,0.01336275895920142
585,Vorpommern-Rügen,RÜG,225383,15738,3177.618,0.06982780422658319,0.01409874746542552
586,Stuttgart,S,630305,54255,31477.938,0.0860773752389716,0.04994080326191288
587,Trier-Saarburg,SAB,150533,6840,1478.467,0.04543854171510566,0.009821547434781744
588,Schwandorf,SAD,148477,5558,2865.034,0.03743340719438028,0.019296146877967633
589,Kronach,SAN,232305,9453,4478.9259999999995,0.040692193452573126,0.019280368481091666
590,Kulmbach,SAN,232305,9453,4478.9259999999995,0.040692193452573126,0.019280368481091666
591,Hof,SAN,232305,9453,4478.9259999999995,0.040692193452573126,0.019280368481091666
592,Altmarkkreis Salzwedel,SAW,82687,5134,1092.649,0.06208956667916359,0.013214277939700314
593,Saarbrücken,SB,327502,30987,8547.89,0.09461621608417659,0.02610026808996586
594,Vorpommern-Greifswald,SBG,235773,15107,3433.87,0.06407434269403198,0.014564305497236748
595,Salzlandkreis,SBK,187457,11899,2615.405,0.06347589047088133,0.013952026331371995
596,Schwabach,SC,41056,1687,891.915,0.041090218238503506,0.02172435210444271
597,Saale-Orla-Kreis,SCZ,79632,4747,1161.171,0.05961171388386578,0.014581713381555155
598,Kyffhäuserkreis,SDH,73522,5243,968.55,0.07131198824841543,0.013173607899676287
599,Stendal,SDL,110485,7852,1478.961,0.07106847083314477,0.013386079558311084
600,Uckermark,SDT,118250,7747,1659.494,0.06551374207188161,0.014033775898520083
601,Segeberg,SE,278007,15893,4721.04,0.05716762527562256,0.016981730675846293
602,Sächsische Schweiz-Osterzgebirge,SEB,244722,13006,3244.53,0.05314601874780363,0.013258023389805576
603,Märkisch-Oderland,SEE,197195,12743,2218.484,0.06462131392783793,0.011250204112680342
604,Neustadt an der Aisch-Bad Windsheim,SEF,101272,2770,1609.13,0.027352081523027094,0.015889189509439926
605,Wunsiedel im Fichtelgebirge,SEL,71974,4052,1548.508,0.05629810764998472,0.021514824797843668
606,Oberspreewald-Lausitz,SFB,108396,7039,1674.984,0.06493782058378537,0.015452452120004427
607,Salzlandkreis,SFT,187457,11899,2615.405,0.06347589047088133,0.013952026331371995
608,Solingen,SG,159193,9962,2823.83,0.06257812843529552,0.017738405583160064
609,Mansfeld-Südharz,SGH,133690,10872,1588.709,0.08132246241304511,0.011883529059765129
610,Schwäbisch Hall,SHA,197860,6656,4613.934,0.03363994743758213,0.023319185282522997
611,Schaumburg,SHG,158406,8817,2151.824,0.055660770425362674,0.013584232920470184
612,Saale-Holzland-Kreis,SHK,82816,4373,1075.406,0.05280380602782071,0.012985485896445131
613,Suhl,SHL,36395,3057,701.546,0.08399505426569584,0.019275889545267207
614,Siegen-Wittgenstein,SI,275491,15926,6554.402,0.05780951101850877,0.023791710074013307
615,Sigmaringen,SIG,130946,6443,2619.193,0.04920348846089228,0.020002084828860754
616,Rhein-Hunsrück-Kreis,SIM,103401,4831,2046.994,0.04672101817197126,0.019796655738339088
617,Saalekreis,SK,183434,12373,3069.026,0.06745205359965982,0.016730955002889323
618,Schleswig-Flensburg,SL,202647,9498,2584.665,0.04686967978800574,0.012754518941805208
619,Euskirchen,SLE,459499,27698,7431.241,0.060278694839379414,0.016172485685496594
620,Düren,SLE,459499,27698,7431.241,0.060278694839379414,0.016172485685496594
621,Saalfeld-Rudolstadt,SLF,102139,5793,1514.093,0.05671682706899421,0.01482384789355682
622,Sigmaringen,SLG,416834,19838,8921.701000000001,0.04759208701785363,0.0214034867597173
623,Ravensburg,SLG,416834,19838,8921.701000000001,0.04759208701785363,0.0214034867597173
624,Salzlandkreis,SLK,187457,11899,2615.405,0.06347589047088133,0.013952026331371995
625,Altenburger Land,SLN,88356,5574,1098.15,0.06308569876409073,0.01242869754176287
626,Saarlouis,SLS,193732,13386,3596.643,0.06909545144839263,0.018565043462102287
627,Wartburgkreis,SLZ,159937,4543,1903.351,0.028404934442936906,0.011900629622914024
628,Main-Kinzig-Kreis,SLÜ,421689,17635,7593.796,0.04181991941928767,0.018008048585568988
629,Schmalkalden-Meiningen,SM,124241,6179,1810.4,0.049733984755435,0.014571679236322953
630,Augsburg,SMÜ,255900,7350,4073.276,0.028722157092614303,0.015917452129738177
631,Schwerin,SN,95609,11672,2482.315,0.1220805572697131,0.02596319384158395
632,Soest,SO,301016,16898,5861.528,0.05613655088101629,0.019472479868179765
633,Neuburg-Schrobenhausen,SOB,97730,3357,1697.93,0.03434973907704901,0.01737368259490433
634,Weilheim-Schongau,SOG,136134,4966,2952.659,0.03647876357118721,0.021689357544772064
635,Saale-Orla-Kreis,SOK,79632,4747,1161.171,0.05961171388386578,0.014581713381555155
636,Sonneberg,SON,57044,3117,805.761,0.05464203071313372,0.014125254189748264
637,Speyer,SP,50741,4659,1626.193,0.09181923887980134,0.032048895370607594
638,Spree-Neiße,SPB,113011,6961,1430.928,0.06159577386272133,0.01266184707683323
639,Spree-Neiße,SPN,113011,6961,1430.928,0.06159577386272133,0.01266184707683323
640,Straubing-Bogen,SR,149357,5989,2988.6180000000004,0.04009855580923559,0.020009895753128414
641,Straubing,SR,149357,5989,2988.6180000000004,0.04009855580923559,0.020009895753128414
642,Märkisch-Oderland,SRB,197195,12743,2218.484,0.06462131392783793,0.011250204112680342
643,Saale-Holzland-Kreis,SRO,82816,4373,1075.406,0.05280380602782071,0.012985485896445131
644,Steinfurt,ST,448197,25650,8029.25,0.05722929872355237,0.017914555429866776
645,Starnberg,STA,136610,4970,3316.909,0.03638093843788888,0.024280133225971744
646,Ludwigslust-Parchim,STB,211844,12661,2678.914,0.059765676629973,0.01264569211306433
647,Stade,STD,205357,11529,3179.198,0.05614125644609144,0.015481322769615839
648,Lichtenfels,STE,66722,2780,1380.951,0.04166541770330626,0.020697086418272833
649,Erzgebirgskreis,STL,331917,11803,4579.686,0.035560094842987854,0.013797684360849247
650,Sigmaringen,STO,417822,24944,8235.173999999999,0.05970006366347392,0.01970976635983744
651,Konstanz,STO,417822,24944,8235.173999999999,0.05970006366347392,0.01970976635983744
652,Rhein-Sieg-Kreis,SU,600375,30136,8676.431,0.05019529460753695,0.014451686029564856
653,Amberg-Sulzbach,SUL,102998,2748,1490.142,0.02668012971125653,0.014467678984057944
654,Schweinfurt,SW,168971,9148,4583.576,0.05413946771931278,0.02712640630640761
655,Schweinfurt,SW,168971,9148,4583.576,0.05413946771931278,0.02712640630640761
656,Rheingau-Taunus-Kreis,SWA,187433,5903,2504.622,0.031493920494256616,0.01336275895920142
657,Diepholz,SY,218072,10572,3328.816,0.048479401298653656,0.01526475659415239
658,Salzgitter,SZ,103866,5867,2983.378,0.05648624188858722,0.028723335836558644
659,Erzgebirgskreis,SZB,331917,11803,4579.686,0.035560094842987854,0.013797684360849247
660,Waldshut,SÄK,171237,6850,2827.112,0.040003036726875614,0.01650993652072858
661,Sömmerda,SÖM,69107,3579,964.178,0.05178925434471182,0.013951958557020272
662,Südliche Weinstraße,SÜW,110783,4952,1565.905,0.04469999909733443,0.014134885316339149
663,Main-Tauber-Kreis,TBB,132684,5216,3033.023,0.039311446745651325,0.02285899580959272
664,Nordsachsen,TDO,197444,12031,3150.306,0.06093373310913474,0.015955440529973056
665,Steinfurt,TE,448197,25650,8029.25,0.05722929872355237,0.017914555429866776
666,Rostock,TET,217072,10585,2912.705,0.048762622539986734,0.013418151581042235
667,Teltow-Fläming,TF,171554,10834,2902.732,0.06315212702705854,0.01692022336990102
668,Nordsachsen,TG,197444,12031,3150.306,0.06093373310913474,0.015955440529973056
669,Tirschenreuth,TIR,71696,2564,1318.869,0.03576210667261772,0.018395294019192144
670,Nordsachsen,TO,197444,12031,3150.306,0.06093373310913474,0.015955440529973056
671,Uckermark,TP,118250,7747,1659.494,0.06551374207188161,0.014033775898520083
672,Trier-Saarburg,TR,261207,19383,4471.135,0.07420551516613261,0.017117209722557206
673,Trier,TR,261207,19383,4471.135,0.07420551516613261,0.017117209722557206
674,Traunstein,TS,177485,6605,3757.156,0.03721441248556216,0.02116886497450489
675,Bodenseekreis,TT,217901,9285,6066.743,0.04261109402893975,0.027841740056264084
676,Tuttlingen,TUT,141682,5258,3910.053,0.037111277367626094,0.027597387106336725
677,Bad Tölz-Wolfratshausen,TÖL,128212,4053,2028.572,0.031611705612579165,0.015822013540074252
678,Tübingen,TÜ,228471,9352,4683.904,0.04093298493025373,0.020501087665392985
679,Uelzen,UE,92566,4973,1357.913,0.053723829483827756,0.014669673530237884
680,Vorpommern-Greifswald,UEM,235773,15107,3433.87,0.06407434269403198,0.014564305497236748
681,Neustadt an der Aisch-Bad Windsheim,UFF,101272,2770,1609.13,0.027352081523027094,0.015889189509439926
682,Unstrut-Hainich-Kreis,UH,101698,6738,1440.619,0.06625499026529529,0.014165657141733366
683,Ulm,UL,324609,15070,9054.752,0.046425083716101524,0.027894334414634223
684,Alb-Donau-Kreis,UL,324609,15070,9054.752,0.046425083716101524,0.027894334414634223
685,Uckermark,UM,118250,7747,1659.494,0.06551374207188161,0.014033775898520083
686,Unna,UN,393618,25496,6687.625,0.06477346056328724,0.016990140186678455
687,Hochtaunuskreis,USI,237281,10590,6252.546,0.04463062782102233,0.0263508076921456
688,Vogtlandkreis,V,223905,13866,3264.695,0.06192804984256716,0.014580715035394477
689,Ludwigsburg,VAI,544971,21945,13125.153,0.04026819775731186,0.024084131082204373
690,Vogelsbergkreis,VB,105506,3483,1642.682,0.033012340530396374,0.015569560025022274
691,Vechta,VEC,143698,6417,3395.45,0.044656153878272487,0.023629069298111316
692,Verden,VER,137574,8146,2307.647,0.05921176966577987,0.016773859886315728
693,Vorpommern-Greifswald,VG,235773,15107,3433.87,0.06407434269403198,0.014564305497236748
694,Rottal-Inn,VIB,399474,11544,6673.514999999999,0.028898000871145555,0.01670575556857267
695,Mühldorf am Inn,VIB,399474,11544,6673.514999999999,0.028898000871145555,0.01670575556857267
696,Landshut,VIB,399474,11544,6673.514999999999,0.028898000871145555,0.01670575556857267
697,Viersen,VIE,298536,17940,4606.94,0.06009325508481389,0.015431773722432134
698,Regen,VIT,77313,2298,1391.168,0.02972333242792286,0.017993972553128193
699,Saarbrücken,VK,327502,30987,8547.89,0.09461621608417659,0.02610026808996586
700,Neustadt an der Waldnaab,VOH,94645,3260,1481.51,0.034444503143325055,0.015653336150879604
701,Vorpommern-Rügen,VR,225383,15738,3177.618,0.06982780422658319,0.01409874746542552
702,Schwarzwald-Baar-Kreis,VS,212872,8620,4970.65,0.04049381788116803,0.023350417152091397
703,Wuppertal,W,355004,34691,7218.762,0.09772002568985139,0.020334311726065056
704,Waldeck-Frankenberg,WA,156528,5936,3386.15,0.03792292752734335,0.02163287079627926
705,Warendorf,WAF,277417,13248,4961.532,0.04775482396536622,0.017884743905384314
706,Wartburgkreis,WAK,159937,4543,1903.351,0.028404934442936906,0.011900629622914024
707,Herne,WAN,156940,13197,2418.124,0.0840894609404868,0.015407952083598827
708,Höxter,WAR,139729,6375,2141.52,0.04562402937113985,0.015326238647667986
709,Bochum,WAT,364454,32207,7625.84,0.08837054882097603,0.02092401235821256
710,Wittenberg,WB,124185,8619,1701.545,0.06940451745379876,0.013701695051737328
711,Eichsfeld,WBS,99463,4124,1425.454,0.04146265445442024,0.014331500155836844
712,Zwickau,WDA,312033,15024,5491.437,0.048148753497226256,0.017598898193460305
713,Weimar,WE,65098,6740,1179.056,0.10353620694952226,0.01811201573012996
714,Limburg-Weilburg,WEL,172291,7917,2988.451,0.04595132653475806,0.017345369171924245
715,Weiden in der Oberpfalz,WEN,42535,3231,1479.884,0.07596097331609263,0.03479214764311743
716,Augsburg,WER,353072,9919,5849.237,0.028093420038972222,0.01656669744414737
717,Dillingen an der Donau,WER,353072,9919,5849.237,0.028093420038972222,0.01656669744414737
718,Wesel,WES,460113,28916,7036.438,0.0628454314483616,0.015292847626561301
719,Wolfenbüttel,WF,119361,4583,1243.54,0.03839612603781805,0.010418310838548604
720,Ravensburg,WG,285888,13395,6302.508,0.04685401276024177,0.022045374412357287
721,Wilhelmshaven,WHV,75189,10421,1830.713,0.13859740121560335,0.024348149330354174
722,Wiesbaden,WI,278609,23110,9171.358,0.08294778704205535,0.032918383828232395
723,Bernkastel-Wittlich,WIL,112685,5373,1950.582,0.04768159027377202,0.017310041265474554
724,Nordwestmecklenburg,WIS,157975,9671,2082.073,0.0612185472384871,0.013179762620667826
725,Ennepe-Ruhr-Kreis,WIT,323130,22863,5802.635,0.070754804567821,0.017957586729799153
726,Werra-Meißner-Kreis,WIZ,100046,4597,1456.907,0.04594886352277952,0.014562371309197769
727,Ostprignitz-Ruppin,WK,98808,7625,1471.577,0.07716986478827625,0.014893298113513077
728,Harburg,WL,256016,12957,3162.171,0.05061011811761765,0.012351458502593587
729,Vorpommern-Greifswald,WLG,235773,15107,3433.87,0.06407434269403198,0.014564305497236748
730,Weilheim-Schongau,WM,136134,4966,2952.659,0.03647876357118721,0.021689357544772064
731,Börde,WMS,170567,9189,2541.576,0.05387325801591163,0.014900748679404574
732,Rems-Murr-Kreis,WN,427286,18492,8484.875,0.043277804561815736,0.01985760123196173
733,St. Wendel,WND,86458,3349,1306.767,0.03873557102870758,0.015114471766638138
734,Worms,WO,83459,6544,1648.188,0.07840975808480811,0.019748475299248735
735,Wolfsburg,WOB,123840,8274,9740.859,0.06681201550387597,0.07865680717054264
736,Kassel,WOH,237007,7138,4408.793,0.030117253920770273,0.018601952684941792
737,Freudenstadt,WOL,550944,30249,12406.675,0.05490394668060638,0.02251894021896962
738,Ortenaukreis,WOL,550944,30249,12406.675,0.05490394668060638,0.02251894021896962
739,München,WOR,614507,21043,22342.841,0.03424371081208188,0.036358969059750335
740,Bad Tölz-Wolfratshausen,WOR,614507,21043,22342.841,0.03424371081208188,0.036358969059750335
741,Starnberg,WOR,614507,21043,22342.841,0.03424371081208188,0.036358969059750335
742,Freyung-Grafenau,WOS,78355,1839,1223.217,0.02347010401378342,0.015611218173696638
743,Harz,WR,210975,18881,2960.601,0.08949401587865861,0.01403294703163882
744,Mecklenburgische Seenplatte,WRN,258057,15356,4031.614,0.05950623311903959,0.0156229592686887
745,Mühldorf am Inn,WS,378204,17307,6549.855,0.045761017863375324,0.0173183123393724
746,Rosenheim,WS,378204,17307,6549.855,0.045761017863375324,0.0173183123393724
747,Burgenlandkreis,WSF,177590,13767,2414.552,0.07752125682752407,0.013596216003153331
748,Ammerland,WST,125643,4818,2060.058,0.038346744347078625,0.016396122346648837
749,Görlitz,WSW,250558,20333,3569.648,0.08115087125535804,0.014246793157672076
750,Waldshut,WT,171237,6850,2827.112,0.040003036726875614,0.01650993652072858
751,Osnabrück,WTL,359471,16093,5789.596,0.04476856269351352,0.016105877803772765
752,Wittmund,WTM,57384,2966,751.451,0.05168688136065802,0.013095131046981737
753,Weißenburg-Gunzenhausen,WUG,95117,3382,1594.391,0.03555620972065982,0.01676241891565125
754,Wunsiedel im Fichtelgebirge,WUN,71974,4052,1548.508,0.05629810764998472,0.021514824797843668
755,Leipzig,WUR,258386,14493,3245.622,0.05609050025930198,0.01256113721331651
756,Westerwaldkreis,WW,202830,9418,3474.178,0.04643297342602179,0.017128521421880392
757,Lahn-Dill-Kreis,WZ,253373,9287,5276.147,0.03665347136435216,0.020823635509703085
758,Börde,WZL,170567,9189,2541.576,0.05387325801591163,0.014900748679404574
759,Würzburg,WÜ,289651,13785,7412.579,0.047591756976499304,0.025591415185861603
760,Würzburg,WÜ,289651,13785,7412.579,0.047591756976499304,0.025591415185861603
761,Cham,WÜM,128094,4091,2549.895,0.031937483410620325,0.01990643589863694
762,Zwickau,Z,312033,15024,5491.437,0.048148753497226256,0.017598898193460305
763,Anhalt-Bitterfeld,ZE,157217,11621,2324.662,0.07391694282424928,0.014786327178358573
764,Cochem-Zell,ZEL,61578,3004,1013.707,0.048783656500698304,0.016462161811036408
765,Görlitz,ZI,250558,20333,3569.648,0.08115087125535804,0.014246793157672076
766,Schwalm-Eder-Kreis,ZIG,179840,6363,3255.845,0.035381450177935946,0.018104120329181492
767,Erzgebirgskreis,ZP,331917,11803,4579.686,0.035560094842987854,0.013797684360849247
768,Greiz,ZR,96668,4483,1174.567,0.04637522241072537,0.012150525509992965
769,Zweibrücken,ZW,128913,5446,1619.634,0.04224554544537789,0.012563775569570175
770,Südwestpfalz,ZW,128913,5446,1619.634,0.04224554544537789,0.012563775569570175
771,Burgenlandkreis,ZZ,177590,13767,2414.552,0.07752125682752407,0.013596216003153331
772,Hohenlohekreis,ÖHR,112765,4085,3395.493,0.03622577927548441,0.030111231321775372
773,Ravensburg,ÜB,634735,29123,14988.444,0.045882139790621286,0.023613703356518863
774,Sigmaringen,ÜB,634735,29123,14988.444,0.045882139790621286,0.023613703356518863
775,Bodenseekreis,ÜB,634735,29123,14988.444,0.045882139790621286,0.023613703356518863
