,kreis_key,population_1995,population_1996,population_1997,population_1998,population_1999,population_2000,population_2001,population_2002,population_2003,population_2004,population_2005,population_2006,population_2007,population_2008,population_2009,population_2010,population_2011,population_2012,population_2013,population_2014,population_2015,population_2016,population_2017,population_2018,population_2019
0,01001,87608,86952,86089,85145,84604,84414,84419,84586,85035,85510,85956,86365,87036,88182,88451,88535,82504,83132,83717,84333,85318,86687,87976,89012,89834
1,01002,246310,244880,242122,238927,235579,232972,232294,232866,233118,232928,233631,234470,235823,236880,237516,238440,236552,238767,240700,242341,244727,246874,247692,247746,247171
2,01003,216920,216329,215525,214697,213817,213365,213400,213331,212923,212255,211966,211288,211209,211355,210034,210063,210502,211196,212336,213689,215337,216483,216515,216758,216864
3,01004,82012,81912,81559,81063,80619,80103,79712,79607,79300,78770,78312,78101,77813,77256,76936,76943,77238,77076,77005,77323,78393,79439,79508,79411,79842
4,01051,133196,134177,135350,136160,136752,137070,137297,137401,137388,137429,137378,137091,136637,136089,135403,135094,133838,133226,132815,132675,132801,133239,133504,133329,133202
5,01053,169112,171095,173130,174909,176333,178645,180515,182688,184248,185555,186078,186721,186897,187089,186698,186580,187118,187601,188474,189873,191851,194031,195569,196669,197642
6,01054,158333,159886,161405,162583,163621,164147,164715,165537,166123,166574,166937,166889,166892,166596,166101,165774,163278,162633,162080,162063,163082,164443,165194,165485,165729
7,01055,196870,197826,198753,199699,200735,201851,202700,204082,204800,205486,206006,206023,206041,205550,205056,204505,198303,197921,197859,198095,198965,200194,200699,200583,200560
8,01056,281738,283696,285635,287263,288544,290233,292501,294590,296087,297698,298560,299656,300765,301416,301726,302700,296590,298067,300025,302655,305779,309062,311658,313527,315247
9,01057,124977,126278,128182,130018,131377,132427,133177,133909,134665,135179,135567,135579,135492,135219,134613,134490,127620,126967,126682,126754,127585,128504,128773,128745,128667
10,01058,256745,259381,262180,264688,266766,269089,270891,272152,272714,273091,272967,272827,272616,272065,271012,270302,269205,268452,268067,268352,269503,271358,272680,272899,273437
11,01059,187215,189393,191777,193732,195532,196955,198062,198783,199393,199932,199766,199353,199189,198854,198513,198202,196015,195316,195023,195364,196216,197762,199094,199764,200591
12,01060,235511,238394,240979,243518,246092,248665,251260,253316,254802,255863,256397,257313,257884,258313,257927,258522,260815,261565,262595,264087,266238,269869,273130,275029,276604
13,01061,132549,133579,134486,135080,135370,135895,136295,136748,136843,136972,136714,136228,135310,134451,133747,133092,130850,130339,130076,130118,130838,131666,131744,131480,131180
14,01062,207836,210092,212214,213791,214926,216460,218680,220510,221367,222729,223880,224689,225663,226557,227739,228924,230776,232144,233793,235690,238160,240713,242142,242834,243676
15,02000,1707251,1708410,1707356,1701810,1702451,1710270,1720965,1727445,1732649,1736201,1739455,1748544,1761711,1771532,1778107,1780065,1711944,1726230,1740307,1754567,1775100,1798923,1820511,1835882,1844216
16,03101,253337,251933,250132,248093,246782,246069,245721,245561,245394,245702,245897,245190,245349,245712,246511,247909,243103,244814,246513,247865,249933,250016,248345,248158,248849
17,03102,117778,117290,116159,114779,113520,112599,111950,111332,110336,109337,108300,107215,106099,104811,103941,102936,98906,98342,98146,98582,100023,102374,104108,104748,104620
18,03103,126648,125494,123727,122492,122070,121939,121874,122211,122608,122645,121825,120876,120280,120183,120804,121290,120338,121324,122108,122742,123536,123977,123912,124033,124261
19,03151,160298,162895,164927,166866,168937,170719,172197,173312,174306,174914,175232,175192,174736,174138,173537,173033,171146,170940,171245,172008,173373,174477,174914,175500,176222
20,03152,266224,266692,267666,267210,266070,265453,264866,265329,264920,263587,262912,261334,261045,260054,259197,258480,248119,248007,248119,249235,252937,-,-,-,-
21,03153,161965,160912,159627,158468,157484,156643,155897,155151,154264,153235,152125,150641,148980,147168,145343,143753,140041,139115,138244,137545,137746,138108,137771,137289,136653
22,03154,101883,101533,101069,100799,100666,100331,99674,99315,98897,98579,98012,97388,96482,95419,94435,93355,91278,90655,90407,90666,91204,91790,91900,91514,91302
23,03155,154194,153899,153300,152550,151978,151515,150601,149667,148968,148185,147204,146158,144782,143201,141386,139841,137225,135967,135040,134283,134401,134253,133328,132906,132525
24,03156,88940,88536,87871,87138,86468,85815,85104,84433,83718,83045,82302,81519,80645,79845,78835,77845,76643,75709,74806,74080,73839,-,-,-,-
25,03157,126268,127342,128283,129334,130647,131624,132491,133309,133981,134326,134452,134409,133833,133168,132292,131714,130350,130106,130097,130374,131461,132650,133174,133667,134383
26,03158,121619,122223,123078,124046,125053,126069,126719,126930,127058,127120,126769,125969,125115,124165,123202,122458,120649,120271,120009,119968,120508,120943,120671,120199,119791
27,03159,-,-,-,-,-,-,-,-,-,-,-,-,-,-,-,-,-,-,322925,323315,326776,328302,327551,328055,327058
28,03241,1108345,1111043,1113866,1113366,1113122,1117132,1119625,1124096,1126271,1127510,1128288,1128313,1128879,1129690,1129406,1130679,1103934,1109447,1116101,1123782,1136259,1146591,1150688,1155150,1157370
29,03251,202610,204602,206218,207578,209111,210901,212366,213798,214780,215443,215997,215976,216061,215282,214727,214299,209822,209708,209813,210524,212535,214529,215547,216449,216988
30,03252,163507,163815,163777,163414,162998,162618,162495,162133,161521,160864,160140,159252,158278,157195,155697,154597,150228,149023,148144,147784,148047,148273,148281,148428,148554
31,03254,291923,292748,292849,292764,292634,292670,293008,292941,292607,291830,291091,290024,289405,287567,285433,283571,277305,275857,274925,274537,275805,277178,276970,276617,276206
32,03255,83303,83329,83163,82751,82182,81711,81088,80548,79969,79209,78294,77420,76488,75655,74613,73723,73551,72807,72168,71658,71549,71585,71327,71060,70717
33,03256,123266,124251,124718,125194,125566,126093,126458,126641,126399,126497,126471,125993,125599,124677,123867,123101,121372,120808,120037,119740,120132,121068,121487,121428,121388
34,03257,161774,163069,164009,164520,165126,165746,166246,166650,166415,166233,165801,165384,164677,163568,162446,161175,157478,156533,155819,155723,156027,156911,157750,157832,157801
35,03351,178306,179443,180006,180620,181206,181598,181839,182093,182478,182748,182567,182165,181499,180640,179709,178895,176512,175880,175629,175855,177064,178171,178567,178850,178974
36,03352,197996,199128,200119,201420,203018,204313,205237,206585,206214,206358,205685,204710,203525,202611,201742,200876,198660,197774,197020,196697,197445,198387,198385,198157,198126
37,03353,214196,217708,221133,224616,228185,231243,233789,236090,237591,238954,240780,242118,243282,244120,245222,246155,238745,239909,241710,244035,246661,249224,250919,252144,253604
38,03354,51423,51759,51995,52162,52137,51989,51957,51795,51658,51564,51518,51168,50682,50215,49866,49441,49184,49005,48799,48699,49428,49477,48591,48391,48418
39,03355,154572,156870,158994,161224,163328,165414,167596,169965,172248,173873,174949,175560,176070,176496,176642,177131,174268,175163,176184,177425,179421,181162,182268,183151,183756
40,03356,105076,105794,106455,107492,108812,109947,110926,111700,112157,112535,112724,112592,112542,112596,112240,111931,110967,110829,110849,111183,112532,113137,112900,113311,113723
41,03357,151144,153666,155391,157022,158971,160782,162323,163260,163931,164568,164955,164795,165148,164880,164358,164006,162642,161981,161544,161575,162548,163313,163375,163416,163619
42,03358,133843,135449,136734,137800,138696,139683,140610,141600,142398,142685,142724,142398,142014,141281,140450,139922,136497,135922,136012,136226,138232,139953,139370,139427,140214
43,03359,182049,184641,186446,188289,189984,191236,192218,193429,194502,195301,196018,196807,197105,197003,196925,197070,195430,195693,196148,196982,198751,200846,201763,202495,203807
44,03360,95702,96035,96359,96749,97095,97271,97496,97552,97415,97285,97049,96721,96263,95457,94669,94244,93531,93043,92579,92445,92832,93046,92853,92658,92481
45,03361,127300,128736,129923,130947,131848,132527,133009,133412,133826,134095,134221,134032,133913,133749,133468,133351,132131,132033,132294,132837,133930,135244,136216,136691,136963
46,03401,78063,78232,78099,77663,77136,76755,76685,76006,75961,75985,76003,75609,75253,74958,74579,74521,73311,73476,73820,74428,75564,76684,77283,77564,77583
47,03402,51682,51515,51509,51497,51311,50985,51021,51250,51319,51491,51714,51666,51692,51686,51363,51395,49884,49800,49771,49903,50355,50590,50547,50401,50054
48,03403,150537,152114,153189,153929,154226,154394,155418,156747,157968,158193,158410,158702,159286,159750,160626,161577,157587,158182,159134,160259,162369,164771,166396,167646,168644
49,03404,168335,167973,166990,165969,164912,164030,163821,164169,164817,164855,164122,163330,162721,162816,163100,163597,154116,155069,155970,156606,159650,163237,164222,164561,165000
50,03405,90949,90136,89278,88271,87022,85889,85032,84906,84724,84381,83839,83245,82504,81784,81269,80988,77221,76736,76137,75631,75765,76098,76259,76297,76184
51,03451,103072,104307,105826,107351,108736,109864,111221,112427,113751,114799,115457,116267,116843,117077,117258,117817,117525,118220,118677,119391,120676,122067,123038,123724,124465
52,03452,179255,180833,182270,183778,185294,186796,187799,188593,189257,189951,190252,190245,190417,189893,189274,189055,187015,186693,186866,187528,188599,189633,190008,189899,189771
53,03453,138866,141930,143603,145279,146963,148694,150440,151859,153028,154139,155531,156238,157029,157476,157753,158301,158826,159662,160105,161263,163542,165332,166928,168637,170015
54,03454,289638,294218,296470,298191,299983,302006,303942,305797,307223,308442,309638,311037,312996,314013,313371,313031,311354,312245,313272,314723,317623,320440,322514,324647,326306
55,03455,97583,98284,99029,99637,100095,100569,101158,101490,101674,101622,101580,101291,100946,100615,100068,99782,98036,97592,97210,97015,97419,98155,98459,98485,98582
56,03456,125035,126199,127073,127797,128560,129417,130336,131605,132527,133358,134136,134630,135054,135376,135431,135191,133498,133526,133665,134004,134996,135716,135815,136185,136837
57,03457,153061,154889,156387,157864,159495,160790,161958,163243,164160,164573,164754,165208,165310,165026,164878,164780,163848,164097,164497,165301,166679,167901,168600,169378,170283
58,03458,111918,113555,115086,116643,118301,120093,121606,123147,124040,124772,125516,125865,126062,126082,126205,127190,125023,125339,125596,126288,127703,129046,129704,130034,130517
59,03459,339008,343689,346222,349005,351586,352455,354776,356733,357395,358898,359470,359320,359246,358895,357838,356849,350486,350431,350373,350809,354698,356443,355474,356742,357712
60,03460,116943,119443,120955,122290,123820,125497,127338,128902,130651,132099,133196,133655,134611,135218,135717,136120,132180,133107,133825,135186,137025,138769,140106,141069,142206
61,03461,93567,94231,94476,94424,94214,94059,94215,94368,94192,94151,93951,93438,92892,92333,91623,90981,89876,89327,88979,88798,89002,89261,89152,88823,88604
62,03462,54917,55425,55841,56353,56974,57364,57411,57524,57602,57785,57907,57971,57828,57675,57414,57405,56713,56467,56381,56470,56856,57027,56806,56807,56904
63,04011,549157,549045,548100,545179,541978,539617,540232,541955,543890,545143,546223,547859,547632,547255,546835,546837,543500,545247,547499,550157,554616,561592,566863,568679,568456
64,04012,130720,129739,127969,125745,123775,121836,120096,118172,118812,117688,116944,116416,115708,114778,114110,113600,108325,108231,108584,109483,112073,113530,113030,113330,113639
65,05111,571835,571253,571223,569705,568648,569086,570376,571473,572230,571988,573723,576090,579075,582664,584751,587159,587812,591666,596184,601607,608353,612704,615255,618287,620586
66,05112,535679,533976,530882,526187,521553,517270,513434,510369,507733,505513,502799,500217,497761,495136,492765,490558,488351,487143,486836,486160,488348,495538,498978,498350,498638
67,05113,616409,613345,610280,605964,601355,596842,593892,588745,585882,588484,586685,584136,582759,580827,578025,575149,566582,566381,568373,571834,578204,582854,583239,583251,582935
68,05114,249634,248690,246689,244553,242635,240891,239753,239268,238942,238468,238027,237336,236752,236477,235924,235226,222225,221945,222042,222279,223822,225978,226756,226860,227219
69,05116,266388,266788,266689,265584,264180,263226,262907,262986,262730,262136,261680,261216,260430,259349,258460,257963,255256,254961,255259,256142,258425,260461,261557,261821,261244
70,05117,176522,176266,175754,175011,174205,173401,172565,172237,171463,170519,170022,169651,169146,168645,167712,167622,166919,166729,166647,166874,168193,170107,171101,171073,170756
71,05119,224920,224141,223642,222928,222403,222191,221912,221263,220557,219696,219149,218613,217690,216437,214880,213505,210373,210131,209551,209195,210113,211158,211402,211126,210797
72,05120,122665,121927,121116,120145,119888,119714,119043,118523,118060,117283,116325,115392,114436,113362,112017,111037,110585,109742,109154,108982,109254,110055,110598,110789,111166
73,05122,165854,165412,165040,165115,165410,165267,164993,164806,164477,164380,163862,163291,162707,162277,161348,160348,155205,155198,155542,156270,157749,158817,158856,159082,159303
74,05124,382831,380853,378257,374456,370606,367695,365479,364074,362957,361269,360244,358813,357417,355070,352047,350133,342671,342728,343187,344457,347736,351218,352990,353986,354741
75,05154,286260,289520,291979,294098,296407,298430,300474,303000,304756,306134,307265,308034,308682,308788,308309,307776,301026,301574,302338,303831,307650,310333,310800,311122,311720
76,05158,504769,504611,504659,505281,506208,507053,508317,508990,507775,506498,505467,504109,502784,500833,497753,495812,478143,477658,477015,477197,480520,484025,485090,485547,485627
77,05162,434295,437492,440173,441608,442635,443220,444393,446001,446002,446074,445650,445002,444784,443993,443162,443372,437405,438479,439914,441562,446274,448729,448420,450208,451369
78,05166,286895,289794,292557,295481,298092,299910,301597,303346,303926,304025,304199,303840,303548,303059,302228,301194,296240,295715,295185,294994,296364,298042,298578,298834,298899
79,05170,464022,466702,468965,470910,472603,473682,475289,476991,477408,477162,476793,475923,474836,473328,471290,469579,460378,459035,457681,457139,459954,462190,461191,460238,459893
80,05314,292252,297152,303858,304741,302844,300971,304106,307518,309899,311291,312384,313291,315118,317087,318796,321126,306003,308700,310578,312623,316384,320467,323808,326374,328466
81,05315,964757,965022,964329,963446,962544,962145,965457,968775,967177,967136,976789,986317,991882,996854,994567,1001581,1008225,1019019,1029274,1040428,1053631,1068259,1078165,1083029,1086764
82,05316,162043,162615,162638,161790,161062,160905,160952,160478,160572,161581,161397,161030,161371,161296,160937,160572,159160,159650,160373,161180,162514,163300,163345,163708,163784
83,05334,-,-,-,-,-,-,-,-,-,-,-,-,-,-,566687,565501,540932,542177,543950,546364,550792,553197,553270,554767,556246
84,05354,301891,302773,303591,304470,305227,306028,307104,308505,309152,309725,310059,310196,310093,309611,-,-,-,-,-,-,-,-,-,-,-
85,05358,257438,259323,260967,262785,265088,267356,269558,271810,272483,272750,272604,271867,270830,270137,269005,268179,258806,258588,258518,258729,260951,262450,262481,263306,264180
86,05362,440558,443618,446345,448729,451075,453807,456939,459498,461216,462549,462779,463127,463761,464311,464104,463913,451890,453792,455697,458025,463053,466103,466379,468649,470352
87,05366,181312,182871,184318,185737,187144,188469,189853,191087,191947,192785,193116,193211,192970,192849,192305,191569,187982,187763,187581,187798,189662,191184,191665,192484,193248
88,05370,236934,240024,242608,244877,247121,249248,251291,253241,254990,256551,257057,257323,257049,256495,255500,255035,248195,247994,248030,248772,250919,252589,252879,253714,254939
89,05374,279179,281495,282997,284585,285824,287259,288877,289773,290117,290353,290238,289100,287707,285854,283716,281812,272902,271810,270811,270454,272035,273296,273054,272720,272264
90,05378,268792,270254,271818,273464,274985,275495,275835,277134,278347,279052,279129,278892,278652,278151,277315,277049,278167,277907,278219,278969,281113,283017,283324,283400,283363
91,05382,542641,549444,555760,562842,569510,574486,579935,585934,591333,594719,596871,598354,599014,598856,598260,598666,578727,580091,581434,584031,590997,597034,598455,599418,600272
92,05512,120156,120847,121308,121435,121201,120898,120711,120733,120577,120100,119669,119195,118813,118203,117407,117106,117274,116786,116277,116036,116580,117276,117387,117374,117474
93,05513,292354,290094,287728,285259,283032,280472,277667,275864,273781,271307,269144,267418,265938,263587,260889,258767,258689,257801,257729,257751,259010,261448,261417,260480,260150
94,05515,264974,265405,265443,264814,264580,264974,266103,267872,269165,269670,270233,271404,272205,273106,274287,276897,287572,294996,298154,300943,306109,310943,312703,313939,314806
95,05554,340519,344782,348390,351525,354927,357914,361064,363740,365722,367047,367963,369252,369940,370413,369986,369634,364298,363956,364045,364731,367429,369446,369472,370197,371008
96,05558,200557,203991,206930,209228,211569,213760,215841,217649,219173,220543,220985,221202,221454,220937,220374,219958,215333,215059,215185,215639,217199,218710,219190,219645,220258
97,05562,662424,662822,662511,661687,660762,659017,656557,655075,652793,650313,647898,644838,641605,638201,634407,630612,619347,616805,614828,613485,615450,617501,617010,616043,614699
98,05566,413614,418674,423480,427503,430848,433790,436011,438837,440944,442440,443577,444147,444662,444899,443954,443467,434302,433995,434326,435804,440251,443892,445487,447090,447917
99,05570,271289,273422,275060,276345,277709,279524,281319,282735,283180,283392,283568,283141,282215,281049,279540,278643,273477,272909,272728,273018,275422,277588,277601,277621,277812
100,05711,324067,324099,323678,322528,321479,321322,322549,323887,327329,328214,327300,326336,325184,324115,323006,323049,327151,327757,328589,329323,331436,333271,333002,333169,333991
101,05754,326689,331103,335230,338668,341460,344152,346549,348949,350155,351361,352979,353576,354227,354210,353950,353688,350362,351219,351979,353399,357553,361235,362439,363566,364511
102,05758,249551,251573,252717,253129,253583,254286,254961,255557,255436,255064,254682,254156,253435,252241,250958,249599,250571,249547,249068,249104,250671,251598,251307,251161,250681
103,05762,153891,154738,155152,155172,155392,155763,155675,155427,155085,154521,153915,153083,151965,150576,149118,147949,145514,144300,143249,142779,143390,142933,141710,141116,140459
104,05766,358450,361276,362807,364020,364685,365022,364883,364978,364253,363143,361649,360043,358449,356285,353989,352161,348696,347113,345935,345251,347939,349842,349001,348730,347953
105,05770,314052,317270,319116,320496,321586,322388,322755,323410,323180,322909,322257,321298,320163,318671,316621,314963,311909,310461,309673,309286,311133,312458,311537,310959,310560
106,05774,275296,279728,282587,284615,286800,289137,291528,293977,295362,296666,298269,298892,299071,298884,298905,299143,295031,295875,296412,297880,301702,304765,305280,306126,307365
107,05911,400762,399432,397152,394537,393033,391979,390476,389260,387959,388401,386671,384650,382333,379907,377205,375302,362835,362399,361974,361805,363309,364831,365225,365079,365108
108,05913,599880,597932,595946,593300,590974,589249,589367,590908,590251,588716,588070,587870,587195,585867,582273,580625,571299,571745,574016,578228,583346,585997,586207,586805,587630
109,05914,212875,211477,209989,208114,206201,204246,202627,201623,200644,199397,197890,196295,194785,193043,191184,189399,187822,186788,186120,186356,187880,188655,187998,188272,188750
110,05915,183715,182811,181704,180957,181262,182061,183098,184454,184839,184921,184542,183971,183378,182678,182063,181664,176270,176457,176244,176314,177989,179484,179378,179148,179514
111,05916,179963,179308,178291,177286,176185,175098,174262,173798,173239,172376,171312,170461,169283,167702,166207,165165,155171,154725,154490,154513,155230,156313,156632,156432,156412
112,05954,352346,351776,351465,351066,351048,351022,350401,349222,347293,345318,343686,341415,339489,337244,334618,332638,325985,324684,323477,322824,324435,325664,325022,324483,324201
113,05958,282581,284125,284379,284055,283401,282595,281634,281189,280068,278470,276836,276311,274711,272899,270838,268771,266238,264460,262860,261780,262662,263016,261930,261033,260126
114,05962,456766,458885,459776,460102,459908,458642,457223,456692,454968,452738,450175,447043,443526,439913,435988,432465,423833,421295,418108,415030,414996,415529,414135,412752,411171
115,05966,137521,138322,138899,139759,140585,141088,141386,141900,142190,142076,142009,141577,141169,140752,140103,139375,136407,135834,135235,134853,135562,135674,134896,134792,134365
116,05970,298969,299249,299014,298358,297529,296769,295909,295454,294918,293615,292036,290547,289133,287419,285291,283521,276754,275911,275249,275407,278355,279367,277955,278094,277577
117,05974,296753,300064,302174,303711,305327,306270,307043,308319,308960,308857,308883,308211,307559,306709,305727,304820,296795,296285,295500,295857,299869,302325,301674,301798,301844
118,05978,420281,423984,426187,427670,429240,430420,430131,429336,428173,426103,424925,422419,420569,418047,415196,412850,395983,393907,392281,391698,393905,394952,393902,394358,394837
119,06411,138973,138708,138219,137694,137644,138028,138243,138726,139237,139561,140265,140366,141635,142255,142785,143508,143523,146885,148834,150811,153616,156395,157846,158731,159543
120,06412,651097,648558,645535,643663,643839,645413,643550,642681,643442,645263,648947,648925,655338,663287,668283,676530,670732,682154,694563,709487,725156,734551,741646,749967,758218
121,06413,116460,116568,116464,116060,116267,117126,118328,118907,119489,119456,119626,118533,118004,118602,119156,119621,113803,115900,118074,120096,122361,124162,125624,127701,129512
122,06414,266532,267356,267780,267457,267952,269370,270514,271607,272010,272983,274468,275085,275464,276350,277168,276531,269575,271794,273254,274494,275667,276919,278137,278498,278408
123,06431,258954,259806,260552,261079,261909,262987,264151,265091,265688,265955,266373,265741,264638,263954,263157,262817,261077,261427,262009,263072,265375,267432,268358,269237,270017
124,06432,277754,279980,281643,282686,284358,285873,287588,289013,289895,290190,290597,289927,289164,289131,288671,289160,283051,283939,284910,286687,290370,293759,295396,296724,297622
125,06433,243832,245954,247290,247456,247845,248790,249860,251338,252075,251444,252219,251996,252500,253414,253449,254343,251635,253827,256092,259047,263418,267544,270224,272965,275126
126,06434,219696,220394,221598,222613,223480,224760,226322,226994,227100,227181,227571,226963,226418,225859,226036,226831,226502,227531,228633,229983,232113,234209,235493,236280,236739
127,06435,399731,401817,402381,402385,403496,405025,407135,408875,409605,409604,409978,409455,408467,407837,407086,407089,401400,402479,404065,406307,409788,414336,417462,418579,419751
128,06436,212818,213957,215028,215877,217262,219222,221057,222545,222935,223416,224082,224242,224838,225777,226358,227066,224318,225468,227067,228999,231412,234278,236339,237352,238147
129,06437,97980,98686,99241,99362,99392,99476,99901,100268,100527,100481,100338,99932,99283,98525,97785,97238,96899,96717,96425,96142,96541,96737,96535,96698,96751
130,06438,327827,329515,330934,331410,332411,334002,335910,336845,337444,337358,337875,336869,336567,336850,336873,337671,333017,335142,337283,339985,344513,348670,350837,352892,354953
131,06439,181851,182780,183250,183371,183936,184447,184880,185178,185562,185322,185314,184655,184168,183803,183294,183202,180477,180709,181051,181654,183116,184891,186135,186880,187159
132,06440,282818,285008,287259,289241,291437,293201,295027,296990,297870,298120,298638,298752,299050,298694,298254,298124,292900,293527,294674,296389,299650,302923,304613,305886,307400
133,06531,251124,252701,253116,252868,252992,253115,253718,254674,255702,255957,255902,255729,255765,255227,255206,255799,252105,252814,253431,256827,261170,264102,266378,267966,269782
134,06532,262031,263265,263519,263025,262884,262727,263002,263059,262545,261816,260928,259884,258711,257381,255756,254249,253434,252503,251717,251384,252304,253621,254119,253971,253548
135,06533,169783,171597,172704,173422,174490,175243,175622,175812,175881,175817,176034,175174,174166,173341,172209,171209,170637,170188,169934,170175,171154,172021,172046,172027,171998
136,06534,250764,251591,252497,252825,253280,253123,253103,253226,253543,253270,253205,252781,252278,251611,251164,250845,241723,241427,241468,241627,243420,245127,245589,246407,246866
137,06535,118512,118847,119112,118761,118584,118510,118469,118211,117694,117079,116298,115278,114156,112959,111732,110109,108445,107471,106665,106073,106510,106997,106594,106165,105761
138,06611,201628,201227,200248,198763,197141,195321,194678,194587,194082,193950,194276,193842,193418,193618,194212,194712,191375,192364,193481,194417,196366,198523,199899,201161,201861
139,06631,210643,213084,214866,216069,216880,217425,218037,218633,219187,219724,219961,219600,219198,218594,218030,217424,216240,216019,216204,216820,218729,220651,221477,222184,222865
140,06632,133082,133103,132884,132209,131466,130896,130321,129710,128858,128105,127456,126671,125660,124597,123380,122501,120857,120471,119908,119523,120280,121102,121069,120965,120774
141,06633,240922,242517,243629,244355,245054,245811,245889,245582,245544,245093,244301,242932,241509,240047,238613,237608,234980,234443,233779,233402,234632,236359,236790,236654,236699
142,06634,191686,192896,193623,193699,193481,193374,193386,193117,192673,191668,190688,189164,187795,186250,184526,183243,181875,180803,179854,179448,179888,180708,180930,180488,179948
143,06635,169413,170567,171102,170942,170721,170613,170513,170363,169969,169461,168761,167765,166623,165401,163956,162490,158859,157752,156950,156534,157026,157780,157612,157105,156680
144,06636,117753,117397,116876,116143,115363,114466,113661,112880,111964,111029,110217,108880,107702,106462,105182,104247,102159,101378,100635,100281,100461,100840,101033,101059,100823
145,07111,109385,109276,109369,109182,108481,107902,107860,107824,107873,107307,106752,106238,105994,106179,106242,106409,107855,108867,110211,111039,112010,113096,113725,113934,114038
146,07131,124611,125850,126945,128035,128726,129163,129774,130370,130760,130879,130732,129950,129314,128836,128295,127795,126096,125894,125970,126373,127207,128113,128685,129321,129907
147,07132,134436,135502,136275,136776,137234,137297,137450,137477,137296,137104,136596,136029,135314,134269,133258,132502,130528,129564,128770,128301,128700,129067,128876,128748,128755
148,07133,155151,155816,156369,156834,157026,157344,157648,157904,158097,158536,158503,158039,157652,157057,156204,155693,155445,155355,155302,155621,156383,157107,157471,157815,158213
149,07134,90317,90621,90825,90572,90270,90208,90233,89974,89686,89113,88158,87405,86745,85878,84647,83691,82689,81729,80904,80632,80603,80707,80764,80724,80836
150,07135,64919,65013,65176,65337,65464,65567,65710,65896,65990,66002,65871,65508,65091,64689,64180,63705,63013,62590,62250,62080,62216,62128,61763,61625,61481
151,07137,203416,205395,206929,208038,209132,210369,211454,212561,213073,213617,213844,213451,213092,212586,211392,210721,210442,210141,209910,210113,211183,212447,213261,213907,214347
152,07138,177009,179327,181087,182514,183480,184001,184592,185084,185591,185835,185555,184849,184101,183134,182009,181235,180701,180155,179633,179386,179986,181097,181596,181798,182376
153,07140,102701,103733,104289,104630,104896,105204,105466,105835,106010,106095,106120,105497,104748,103981,103228,102469,103207,102414,101975,101900,102237,102778,102982,102938,103050
154,07141,127079,127660,128021,128349,128737,128891,129348,129514,129493,129206,128628,127671,126717,125828,124938,124128,123068,122224,121607,121431,122515,123048,122467,122345,122303
155,07143,194442,196618,198467,199781,200816,201692,202162,202823,203214,203778,203664,203023,202304,201319,200109,199005,200122,199272,198778,198918,199717,200665,201033,201318,201751
156,07211,99515,99589,99721,99671,99771,98803,99607,99903,100051,100121,99748,100198,103584,104103,104356,104566,106059,106414,106889,107853,111693,112513,110062,110325,111082
157,07231,112838,113446,113752,113762,113732,113768,113928,114101,114235,114257,114195,113779,113270,112813,112033,111362,111315,111042,110738,110812,111405,111918,112070,112198,112373
158,07232,95515,96124,96360,96379,96304,96376,96345,96138,95886,95770,95780,95738,95262,95122,94597,94229,95832,95849,96052,96283,96794,97601,98117,98387,98810
159,07233,62524,62998,63512,64069,64347,64374,64443,64280,64248,64048,63801,63440,62997,62524,62021,61568,61844,61303,60919,60770,60785,60776,60731,60654,60625
160,07235,133534,134365,135057,135942,136876,137487,137951,138387,138966,139335,139660,140172,140600,141101,141289,141525,143413,143723,144115,144782,146613,147917,148183,148739,149172
161,07311,47991,48490,48696,48639,48354,47931,47842,47790,47636,47551,47397,47093,47023,47076,46892,46864,46516,46826,47184,47528,48044,48405,48431,48489,48662
162,07312,101957,101776,101433,101003,100357,99710,99798,99699,99391,99184,98872,98266,97963,97526,98319,99176,96698,97038,97137,97272,97951,98911,99493,99765,99938
163,07313,39611,39977,40114,40307,40654,40951,40883,41201,41455,41668,41882,42643,43104,43009,43017,43313,43326,43559,43733,44145,44914,45684,46149,46485,46779
164,07314,167626,167234,166629,165402,164209,163039,162298,162459,162655,163114,163377,163536,163766,163605,163386,163805,157991,159408,160849,162675,164275,165670,167559,169779,171657
165,07315,184174,184237,185444,186054,184553,182616,184178,185614,185737,185719,190447,195178,197191,197839,197327,198106,200325,201879,203512,205630,208385,211654,214319,216114,217848
166,07316,53838,53799,53797,53821,53873,53937,53895,53888,53993,53933,53792,53615,53669,53909,53593,53002,52287,52295,52334,52482,52782,53105,53281,53251,53206
167,07317,48541,48048,47462,46805,46099,45419,44999,44618,44215,43777,43436,42761,42151,41644,41062,40571,40834,40461,40184,40074,40086,40271,40524,40518,40317
168,07318,49581,49589,49584,49717,49816,49780,49907,50039,50211,50311,50443,50567,50669,50648,49852,49813,49627,49738,49752,49798,50070,50418,50741,50655,50470
169,07319,79768,80275,80579,80557,80427,80303,80579,80794,81104,81023,81396,81984,82250,82144,81875,81708,79372,79627,80012,80653,81556,82349,82838,83206,83436
170,07320,36008,36007,35884,35819,35699,35650,35761,35824,35677,35485,35369,35058,34786,34621,34321,34023,34234,34113,34074,34048,34136,34345,34349,34240,34201
171,07331,116033,117599,119351,120824,122271,123587,124652,125674,126306,126826,126552,126101,125882,125433,124959,124706,125176,125141,125193,125606,126636,127736,128358,128882,129466
172,07332,129987,131080,132017,132730,133272,133671,133984,134546,134665,134901,135048,134907,134569,134144,133349,132922,131076,130924,130984,131286,131867,132582,132850,132700,132666
173,07333,75799,76540,77029,77547,78037,78360,78549,78813,79020,79229,79004,78551,78099,77607,76883,76237,76011,75665,75350,75077,75096,75217,75153,75102,75213
174,07334,118206,119435,120786,121839,122571,123049,123782,124441,124690,124974,125185,125320,125558,125724,125153,124862,124178,124592,125162,125850,126785,127755,128341,128776,129044
175,07335,108182,109301,109886,109967,110080,110065,110146,110115,109985,109849,109430,108746,108049,107635,106623,105762,105286,104677,104280,104203,104627,105236,105577,105853,106018
176,07336,79237,79490,79595,79551,79337,78937,78621,78287,77795,77416,76818,76159,75333,74487,73654,72953,72829,72112,71432,70991,70940,70949,70832,70645,70373
177,07337,106413,107237,107909,108255,108680,109247,109583,109960,110453,110698,110709,110469,110073,109921,109411,109063,108369,108526,108889,109381,110131,110706,110754,110489,110439
178,07338,142789,143994,145092,145676,146110,146644,147275,147853,148191,148466,148799,148944,149254,149257,149103,148683,147046,147710,148574,149560,150799,152295,153336,153915,154405
179,07339,186603,188360,189990,191186,192408,193624,195196,196731,198221,199329,200162,200572,201189,201618,201456,202035,200935,201743,202780,203926,206632,208967,209485,210337,211153
180,07340,105025,105459,105787,105843,105786,105456,105296,105168,104894,104459,103586,102961,102093,101093,100041,99241,98374,97594,96890,96505,96442,96216,95716,95294,94972
181,08111,587044,585572,585407,583618,582203,583159,585486,588030,589098,590155,591866,593244,595775,598511,600788,602873,587442,594477,601118,608369,618090,625885,630388,633787,635371
182,08115,349636,352804,355372,357685,360627,363518,366492,369091,371283,372047,372300,372223,372418,372947,372383,371619,363979,365833,368800,372336,377780,383585,387718,390594,392224
183,08116,489849,491510,492991,493909,496257,499246,502962,507505,510655,512485,513949,514207,514490,514826,514319,514400,503712,506769,510428,514529,520453,526460,530620,533153,534442
184,08117,254717,255436,255299,255068,255672,256465,257272,258072,258630,258576,258146,257318,256368,255328,254128,253030,247435,247515,248324,249465,251433,253684,255482,256799,257699
185,08118,484445,486808,488396,490349,493567,496604,500451,505092,508366,510767,512825,513799,514775,515722,516494,517432,510552,514417,519191,524005,530226,535988,540266,543307,544704
186,08119,397789,400376,402372,403743,405796,408255,411247,414347,416283,416995,417686,417678,417405,416788,415969,415725,406978,407989,409926,412521,416736,421077,423788,425518,426703
187,08121,121882,121533,121272,120500,119770,119416,119805,120387,120717,121005,121436,121498,121334,121949,122159,122608,116062,117124,117827,118982,121204,123169,124442,125537,126276
188,08125,300981,305414,308967,312247,315727,319267,322676,325215,326969,328389,329326,329911,330400,330048,329579,328924,322973,323856,325289,327643,331819,335980,339172,341920,343762
189,08126,103196,104803,105375,105812,106531,107343,108354,109298,109751,109820,109894,109818,109983,109865,109422,109144,107229,107349,107682,108341,109499,110435,111041,111701,112333
190,08127,179325,181555,182886,183636,184390,185274,186457,187713,188545,188932,189385,189579,189450,189426,189097,188673,186397,186678,187305,188328,190294,192286,193581,195032,196311
191,08128,135981,137110,137181,137036,137072,137097,137307,137500,137446,137657,137517,136783,135878,135243,134592,133790,130598,130137,129850,130078,131240,132228,132232,132255,132360
192,08135,136944,137537,137673,137430,137082,136934,137033,137010,136721,136135,135499,134722,133850,133137,132362,131644,127861,127650,127778,128421,129711,131013,131752,132239,132625
193,08136,310158,311684,312127,312392,313053,313759,314666,315944,316716,316840,316964,316161,315205,314213,312778,311483,306565,306455,306709,307569,310428,312119,312005,313212,314014
194,08211,52658,52871,52834,52610,52587,52679,52900,53387,53817,54133,54453,54734,54855,54862,54675,54456,52404,52505,52799,53177,53751,54234,54513,54921,55154
195,08212,276351,276441,276882,276554,276871,277882,278851,280422,282062,283415,284347,285756,286853,289305,290735,292770,290548,294014,297568,299577,303903,308877,310959,312506,312576
196,08215,403852,407218,409545,411853,414844,417993,421163,424379,426273,427628,429010,430033,431183,431702,431535,431977,424134,425808,428146,430251,433578,438089,441505,443453,444667
197,08216,220648,219600,220680,221664,222857,223429,223821,224998,226396,227068,228103,228302,228063,227536,227024,226961,222100,222337,222892,223999,226081,228191,229562,230617,231219
198,08221,138873,138826,139405,139614,139479,139966,140602,141793,142574,142798,142840,143897,144643,145047,145683,146323,147266,149375,151224,153414,155491,158091,160258,160478,160920
199,08222,313758,311755,311346,309689,308317,307230,307679,308413,308455,307882,307697,307847,308912,310737,311601,312353,290588,293043,295659,298267,302812,305281,306389,308684,310014
200,08225,146285,147272,148061,148476,148765,149182,149765,150501,150932,151068,150923,150382,149834,149234,148289,147460,142863,142141,141716,141618,142294,143107,143327,143456,143584
201,08226,511057,514092,516628,518553,520771,522992,525709,529108,530998,531929,533242,533774,534521,535141,535491,536827,524496,526246,529150,532871,538294,543130,545573,547185,547990
202,08231,118362,118734,118391,117843,117417,117192,117569,118422,119011,118991,118898,119168,119236,119498,119811,119829,114735,115818,117090,118523,120769,122870,123891,124916,125750
203,08235,157189,157254,157302,157299,157810,158627,159471,160625,161412,161457,161345,160727,160110,159180,158461,157682,151147,150850,151085,152114,154063,155660,156692,157911,158799
204,08236,186149,187329,188224,189327,190822,192222,193201,194229,195043,195681,196207,196231,195951,195516,194976,194276,191467,191777,192452,193270,194897,196656,197808,198637,199231
205,08237,119607,119192,119373,119891,120659,120956,121386,122064,122362,122425,122579,122444,122120,121700,120967,120344,115813,115138,114924,114970,115690,116463,117074,117696,118089
206,08311,198885,199833,200457,200750,201718,203779,206156,209039,211224,212977,214698,216448,218061,219314,220213,222576,211729,216139,219165,221245,224298,226992,228613,229939,230718
207,08315,229414,232150,234405,236284,237994,239658,242029,244480,246432,247938,249359,250128,250512,250650,250432,251025,245922,247074,248924,251443,255046,258880,261411,262600,263198
208,08316,145630,146930,147873,148674,149725,150911,152080,153674,154762,155503,156374,156872,157590,157661,157701,158009,156517,157061,157788,158943,160895,162667,163982,165048,165896
209,08317,397102,400197,401725,402931,404640,406867,409834,412246,413655,414919,415971,416680,417516,417906,417535,417596,410218,411054,412189,414159,417873,421733,424646,427706,430216
210,08325,138472,139317,139817,140002,140344,140751,141281,142070,142284,142313,142288,141989,141696,141324,140720,139780,136345,135801,135436,135616,136706,137914,138593,139157,139667
211,08326,208737,208930,209069,209139,209388,209976,210774,211575,211919,211683,211606,210957,210223,209316,208023,206960,204137,204282,204838,205603,207882,209866,210646,211794,212444
212,08327,128864,129971,130623,131149,131890,132596,133333,134116,134466,134849,135185,135284,135329,135289,134888,134502,132175,132334,132837,133903,135607,137363,138758,139775,140459
213,08335,257785,259546,261180,262559,263861,265362,267202,269848,271966,273372,274253,274571,274903,275434,276650,278069,267454,269416,271988,274596,278037,281240,283103,284670,285815
214,08336,211360,212791,213818,214610,215578,216643,218116,219951,220928,220927,220991,221695,222259,222562,222464,222628,219147,220044,221275,222818,225200,227127,227930,228477,228688
215,08337,162801,163740,164225,164457,164793,164956,165534,166569,167003,167185,167333,167290,167307,167149,166675,166287,163172,163420,163982,164738,166536,168357,169525,170409,170811
216,08415,271048,272839,274152,274942,275937,277333,278383,279746,280898,281738,281819,281933,281707,281346,281055,280849,273499,274169,275355,277025,280072,283098,284918,286251,286891
217,08416,203746,204464,205041,205393,206349,207783,209444,211675,213474,214817,215939,216616,217246,217519,219683,220769,212437,213847,215715,217445,220096,223236,225195,226543,228005
218,08417,192509,192865,192702,192614,192806,192906,192979,193556,193559,193205,192888,192505,191893,191059,189865,189011,185458,184894,184637,185488,187478,187998,187786,188553,189149
219,08421,115422,115871,115825,115665,115902,116668,117711,118845,119691,119958,120385,120748,121210,121437,121913,122331,117078,117759,118598,119966,121675,123295,124775,125963,126560
220,08425,179664,180979,182006,182833,184054,185367,186391,187574,188540,189396,190012,190182,190197,190389,190211,189819,186404,186784,187508,188511,190617,192711,193974,195338,196562
221,08426,174643,176613,178250,179584,180840,182194,183721,185270,186592,187602,188326,188693,189039,189290,189409,189542,187393,187628,188222,189567,192229,195113,197236,199004,200512
222,08435,192341,193761,195010,195912,197201,198603,200360,201984,203461,204365,205425,206099,206757,207786,208101,208612,203787,205163,206647,208418,210794,212636,213863,215441,216849
223,08436,260699,262499,263906,265013,266457,267959,269580,271431,273114,274463,275511,275858,276510,276591,276662,276812,269668,271277,272983,274440,277318,280462,282446,283775,284855
224,08437,129883,130938,131506,132035,132590,133200,133527,133768,133904,133730,133516,133245,132730,132167,131410,130668,127601,127341,127187,127409,129244,130524,130234,130533,130861
225,09161,111445,112454,113212,113586,114252,115151,116539,117907,119049,119917,120718,121687,122512,123496,124207,124769,125270,126981,128511,130069,131720,133039,134442,136113,137187
226,09162,1240523,1231090,1215866,1197411,1191729,1201871,1220359,1232072,1226052,1245048,1254410,1278559,1302376,1318012,1321246,1342177,1352764,1376614,1398072,1418710,1439983,1457341,1460170,1463774,1477867
227,09163,58761,58914,58847,58609,58577,58781,59079,59598,60015,60058,60143,60232,60508,60566,60749,61035,59435,59739,60200,60677,61367,62258,62876,63202,63438
228,09171,105159,106329,106924,107265,107685,108024,108584,109308,109752,109506,109292,108956,108957,108450,108145,107788,106146,106429,106740,107215,107975,108954,109880,110774,111363
229,09172,98754,98999,98942,98803,99027,99516,100281,100931,101632,101956,102364,102432,102420,102283,102053,102286,100937,101569,102111,102661,103442,104194,104766,105387,105826
230,09173,110518,111319,112163,113068,114109,115357,116803,117771,118657,119143,120215,120333,120621,120964,120998,121411,119404,120199,121391,122729,124135,125299,126120,126900,127572
231,09174,121160,122933,124304,125552,127095,128652,130618,131745,132955,133385,133987,134616,135578,136637,137152,138097,139046,140971,143214,145343,147825,150105,151771,153294,154392
232,09175,109532,110839,112229,113824,115552,117475,119552,120981,122073,122648,123418,124453,125686,126788,127432,128527,127956,129941,132009,133940,136147,138219,139908,141471,142896
233,09176,112044,113430,114638,115786,117371,118932,120266,121671,122838,123002,123224,123117,124088,124471,124686,124814,123653,124500,125449,126524,127997,129807,131227,131994,132611
234,09177,103440,105637,107798,109853,112168,114686,116993,118556,120079,121329,122619,123358,124201,125230,125926,126633,126027,127483,129264,131039,132793,134588,136157,137272,137921
235,09178,139768,142182,144470,146533,148591,150648,154156,156024,158126,158691,159985,160985,163529,165115,165419,165814,163284,165259,167648,169684,171791,174514,176900,178557,179562
236,09179,185788,186650,187384,188300,189947,191817,194512,196631,198407,198379,199354,199971,200765,201476,202430,203740,201936,204112,206733,209275,211880,215169,217344,218576,219316
237,09180,85573,85770,85810,85948,86136,86406,86951,87581,87631,87299,87352,87154,86879,86721,86307,86357,84089,84472,85077,85687,86658,87631,88016,88311,88446
238,09181,98755,100123,101186,102375,103649,104997,106726,108188,109670,110757,111702,112077,112781,113576,113932,114427,113231,113881,114575,115522,116888,118191,118933,119606,120187
239,09182,88624,88936,89337,89652,90266,91112,92338,93071,93677,93789,94596,95104,95215,95271,95289,95640,93760,94365,95404,96411,97530,98557,99009,99458,99868
240,09183,105423,106189,106810,107141,107577,108189,109106,110105,110831,110913,110943,110753,110587,110428,110267,110269,106585,107083,108295,109762,111165,112628,113854,114868,115561
241,09184,278618,279926,281790,284141,287625,292159,297554,301290,304707,304773,307401,309990,313085,316541,318355,321023,318311,323300,327863,331391,336402,341704,344919,347652,349672
242,09185,85460,86399,87077,87626,88239,88798,89707,90532,90987,91200,91215,91084,90987,91200,91211,91399,90723,91378,92242,93103,94080,95207,95962,96422,96992
243,09186,104736,106060,107209,108231,109568,111023,112306,113512,114306,114916,115607,115865,116200,116546,116842,117123,116500,117661,119168,120791,122861,124607,125665,126698,127689
244,09187,223388,225797,227915,229755,232020,234811,238326,241418,243572,244445,246068,246894,247619,248288,248532,249328,244556,246199,248472,250830,253962,256770,258458,260216,261157
245,09188,119144,119842,120428,121210,122385,124010,125815,127205,128082,128165,128711,128883,129196,129743,129855,130115,127454,128821,130171,131342,132747,134177,135139,135819,136380
246,09189,162090,163563,164646,165417,166232,167148,168313,169191,170045,170364,170661,170645,170559,170634,170583,170537,168632,169146,169914,171171,173070,174797,175861,176690,177204
247,09190,120068,121481,122784,123915,125057,126326,127657,129126,130027,130451,130803,130864,131134,131211,130904,130944,128867,129314,129978,130789,132048,133383,134056,134800,135413
248,09261,59286,59160,58850,58510,58468,58586,59150,59790,60261,60439,60882,61757,62284,62636,62633,62965,63789,64800,65751,66844,68360,69618,70609,71799,72908
249,09262,51076,50842,50633,50370,50281,50341,50560,50686,50731,50557,50547,50545,50584,50623,50589,50513,48645,48831,49246,49703,50259,50820,51428,52125,52636
250,09263,44061,44372,44418,44200,43975,43881,44114,44404,44422,44667,44681,44651,44530,44508,44476,44514,44505,44871,45301,45765,46417,46974,47364,47690,47793
251,09271,111981,112935,113612,114198,114896,115517,116043,116751,117088,117242,117581,117568,117649,117496,117125,116955,114550,114712,115054,115537,116148,117099,118171,119034,119402
252,09272,81576,81825,81934,82160,82342,82433,82497,82532,82433,82166,81802,81172,80601,80243,79836,79513,78182,77974,77722,77777,78025,78151,78263,78350,78359
253,09273,103313,104976,106369,107328,108263,109073,110244,111482,112505,112861,113199,113100,113003,113179,113014,113084,112876,113594,114614,115864,117730,119467,120544,121689,122658
254,09274,132357,134393,136290,137926,139553,141510,143420,145281,146395,147226,147968,148016,148131,148446,148405,148582,147411,148310,149589,151068,153198,155010,156341,157969,159297
255,09275,181003,182612,183578,184276,185103,186077,186876,187608,188327,188736,189101,188809,188434,188321,187739,187428,184398,184718,185288,185978,187310,188620,189704,191274,192350
256,09276,81977,82285,82475,82545,82522,82521,82545,82621,82335,82012,81609,81112,80420,79967,79518,79156,76770,76427,76293,76261,76539,77000,77338,77573,77533
257,09277,114821,115691,116298,116727,117285,117989,118670,119210,119659,119751,119678,119234,118868,118689,118350,118047,116790,117143,117546,117909,118691,119418,119994,120515,121081
258,09278,90355,91322,92292,93252,94080,94829,95574,96451,97182,97582,97816,97785,97833,97875,97686,97584,95974,96404,96995,97645,98387,99014,99530,100244,100885
259,09279,85658,87266,88388,89156,89808,90307,90870,91635,92078,92114,91988,91805,91546,91357,90847,90797,90311,90917,91916,93008,93777,94570,95433,96024,96450
260,09361,43906,43398,43176,43135,43234,43593,44064,44277,44614,44641,44641,44506,44306,44164,43902,43755,41912,41684,41585,41564,41698,42105,42298,42109,42089
261,09362,125723,125578,125202,124969,125045,125180,126394,127516,128412,128808,129282,130153,131740,132884,133558,134680,135795,137324,139286,141284,143879,147052,149766,151752,152852
262,09363,43168,43253,43293,43205,43065,42965,42998,42987,42864,42763,42700,42603,42545,42315,42120,42012,41735,41709,41705,41772,41936,42275,42519,42532,42632
263,09371,105157,106033,106769,107411,108062,108538,108947,109046,108917,108832,108545,107889,107389,106635,105961,105490,103834,103475,103213,103060,103307,103289,102923,102973,103079
264,09372,129076,129650,130078,130505,130818,130986,131189,131548,131626,131354,131163,130490,129867,129418,128764,128428,125646,125562,125587,125699,126102,126639,127129,127611,127940
265,09373,119723,121216,122490,123545,124675,125932,126742,127668,128265,128752,128814,128650,128565,128351,128028,127900,126618,126946,127486,128401,129680,131024,132153,133103,134067
266,09374,99166,99737,100052,100466,100710,100809,101064,101299,101234,100651,100357,99742,99201,98718,98071,97471,96315,95972,95648,95316,95131,94803,94507,94419,94401
267,09375,165167,167474,169515,171213,173123,174924,176972,178727,179782,180751,181677,182281,182495,182725,182931,183314,182588,183753,185162,186593,188298,189936,191341,192886,193821
268,09376,139425,140336,141202,141906,142502,143028,143863,144546,144777,144833,144871,144644,144322,143762,143165,142952,142546,142789,143004,143337,144239,145123,145935,146838,147531
269,09377,80367,80576,80586,80562,80501,80191,79935,79586,79133,78642,78088,77370,76882,76275,75661,75079,74770,74203,73690,73354,73282,73116,72824,72617,72275
270,09461,69935,69680,69569,69227,69014,69025,69187,69539,69845,69880,69983,69746,69665,69894,69773,69876,70651,70788,71015,71560,72642,74537,76461,77386,77483
271,09462,72929,73347,73669,73685,73838,73811,74072,74395,74505,74514,74192,73617,73130,72811,72456,72376,71038,71348,71527,71587,71875,72607,73532,74328,74720
272,09463,44041,44014,43791,43542,43325,43041,42751,42746,42475,42204,42013,41768,41447,41317,41200,41162,41067,41007,41008,41028,41160,41164,41154,41243,41161
273,09464,52624,52456,52051,51612,51288,50979,50711,50434,49933,49462,48995,48443,47919,47507,47007,46498,44705,44486,44492,44424,44493,44922,45567,45940,45878
274,09471,135918,137584,138802,139955,141115,142065,142764,143440,144020,144591,144876,144916,144899,144771,144483,144328,143671,143752,144092,144560,145133,145806,146313,146835,147125
275,09472,107010,107772,108143,108483,108810,108952,109234,109244,109249,109329,108970,108430,107983,107330,106734,106285,105380,105064,104769,104626,104461,104091,103841,103731,103660
276,09473,90602,91393,91818,92096,92274,92255,92188,92180,92091,91884,91623,91104,90495,89901,89234,88580,87626,87205,86863,86717,86657,86667,86810,86896,86827
277,09474,109337,110020,110611,111190,111661,112144,112678,113022,113298,113353,113540,113481,113347,113324,113252,113107,112875,113159,113378,113662,114367,115047,115470,115890,116151
278,09475,110470,110594,110452,110150,109810,109365,108848,108481,107874,107024,106192,105147,104115,103069,101865,100767,99325,98330,97485,96852,96519,96172,95844,95542,95056
279,09476,76914,76810,76584,76369,76066,75735,75553,75278,74837,74424,74024,73280,72645,71966,71336,70551,69874,69347,68790,68241,67957,67765,67544,67305,66939
280,09477,78117,78592,78708,78713,78779,78757,78727,78470,78075,77804,77373,76890,76398,75835,75288,74716,73984,73461,73055,72720,72505,72231,72003,71929,71706
281,09478,70291,70692,70798,70759,70851,70898,70770,70962,70792,70510,70223,69792,69308,68846,68420,68207,67303,67177,66877,66592,66598,66648,66709,66808,66807
282,09479,89304,89098,88653,87959,87147,86410,85683,84866,83901,82968,82180,81046,79971,78982,77996,77194,75950,75020,74191,73593,73294,73223,73373,73332,72917
283,09561,39673,39919,39849,39818,40020,40200,40273,40460,40631,40680,40580,40531,40371,40348,40406,40374,39574,39642,39762,39925,40585,41346,41592,41750,41823
284,09562,101429,101125,100586,100553,100763,100730,101325,102020,102378,102492,102994,103469,104171,104848,105265,105437,103932,104862,105518,106024,107380,109287,110618,111480,112245
285,09563,108109,108340,108891,109322,109448,109985,110833,111457,111929,112018,113542,113596,113946,114287,114093,114352,115806,117499,119083,120664,122845,124787,125965,127137,128123
286,09564,494135,492645,491311,488452,486887,487135,489965,492364,493742,493916,492597,498936,501454,503402,502884,504070,487405,492603,496999,499974,505524,510802,513415,516783,518368
287,09565,37607,37812,37965,37822,37824,38070,38377,38556,38620,38572,38814,38817,38756,38702,38765,38811,38485,38874,39342,39744,40185,40568,40744,40787,40887
288,09571,177148,178981,180229,180994,181766,182771,183521,183797,184146,184484,184383,183317,182798,181974,181061,180374,178419,178276,178602,179167,180367,181746,182717,183603,184270
289,09572,123650,124811,125923,126871,127751,128547,129335,130124,130670,130658,130770,130684,130868,131097,131013,131221,130429,130987,131620,132421,133483,134388,134987,135803,136767
290,09573,109339,110935,112385,113379,113526,112983,113116,113592,114230,114529,114436,114083,114290,114640,114432,114578,112881,113609,114236,114180,114069,115131,116082,116790,117620
291,09574,165644,166351,166657,166790,167148,167702,168314,168690,168972,169110,169048,168317,167704,167304,166767,166329,164062,164322,164782,165459,166781,168268,169323,170059,170579
292,09575,94496,95531,96529,97332,97902,98393,98980,99400,99715,99902,100079,99706,99321,98859,98310,97791,97542,97464,97446,97645,98280,99042,99487,100003,100689
293,09576,118729,120063,120996,121946,122976,123760,124631,125135,125503,125795,125965,125511,125283,125033,124507,124250,123223,123144,123300,123661,124515,125352,125832,126530,126854
294,09577,93821,94261,94582,94751,94903,95079,95145,95290,95334,95146,94988,94461,93947,93387,92804,92537,92375,92185,92259,92425,92930,93658,94091,94301,94564
295,09661,66194,66257,66486,66908,67013,67209,68018,68558,68724,68618,68749,68645,68666,68726,68699,68706,67398,67576,67763,68006,68577,69087,69558,70228,70765
296,09662,55623,55735,55598,55269,54802,54439,54432,54621,54726,54610,54395,54097,53861,53627,53565,53446,52187,52108,51975,51731,51790,52347,53081,53735,53729
297,09663,127621,127133,126681,125991,126469,127409,128524,130515,131812,132786,133362,134080,134550,134306,132859,133127,124496,124513,124638,124459,124546,125442,126323,127258,127907
298,09671,169739,171162,172120,172716,173340,173849,174220,174720,175021,175274,175189,174819,174274,173939,173341,172790,172579,172463,172683,172784,173236,173600,173737,174089,174204
299,09672,108787,109438,109679,109632,109490,109450,109389,109405,109246,108678,108342,107674,106895,106214,105326,104678,103919,103389,102995,102883,103004,103103,103183,103242,103227
300,09673,86038,86360,86606,86876,87033,86839,86710,86709,86874,86827,86539,85755,85056,84324,83697,83174,80772,80347,80095,79821,79700,79789,79826,79743,79663
301,09674,86726,87201,87558,87888,88215,88388,88427,88379,88272,88158,87801,87406,86917,86206,85687,85219,84577,84333,84158,84121,84367,84477,84419,84532,84492
302,09675,87131,87618,88111,88427,88606,88847,89127,89172,89405,89560,89462,89376,89403,89218,88795,88542,87710,87815,87998,88295,88899,89527,90089,90669,91032
303,09676,127567,128687,129498,130024,130400,130942,131287,131477,131610,131569,131493,131156,130578,130019,129390,128725,128354,128033,127927,127925,128194,128495,128514,128620,128750
304,09677,131004,131598,131803,131891,131970,132063,132138,132357,132225,131910,131519,130969,130479,129794,129015,128238,127425,126825,126396,126105,126019,126212,126412,126444,126262
305,09678,113234,114210,114827,115374,115973,116344,116767,116876,116806,116534,116212,115582,114932,114402,113762,113224,113069,112924,112932,113377,114280,114818,114964,115106,115276
306,09679,153242,155000,156263,157368,158296,158691,159146,159522,159781,159882,160123,159999,160544,160473,160099,159779,158128,158077,158303,158917,159840,160734,161191,161587,162068
307,09761,260905,259078,257542,255618,254739,254781,256244,258626,259315,259218,262085,262492,262437,262924,263195,263903,268376,271051,274621,278827,283743,287979,291218,293993,295859
308,09762,42694,42681,42359,41953,41787,41834,42087,42480,42662,42545,42320,42040,42040,42037,41918,41925,41512,41515,41665,41887,42373,42933,43306,43686,44146
309,09763,61539,61632,61559,61437,61356,61330,61474,61588,61572,61529,61485,61442,61512,61900,61918,61937,64221,64463,64835,65334,66286,67238,67930,68619,69029
310,09764,40458,40633,40766,40816,40884,40919,40974,41160,41147,41210,41182,41151,41091,41097,41029,41076,41248,41397,41662,41987,42521,43067,43382,43654,43969
311,09771,117293,118517,119473,120207,121207,122564,123836,124935,126151,126981,127321,127502,127721,127786,127815,127960,126442,126985,127843,128865,130105,131158,131998,133096,134126
312,09772,224441,227975,230391,232212,234017,235622,237389,239210,240374,241189,241355,241203,241021,240746,240078,239987,237350,238422,239958,241804,244149,246570,248689,250686,252501
313,09773,90124,91296,92024,92570,93170,93635,94038,94752,95217,95586,95522,95334,95010,94604,94189,93806,93358,93167,93126,93304,94027,94566,94858,95590,96292
314,09774,118837,119909,120445,120732,121064,121346,121856,122342,122814,122850,122611,122201,121737,121462,120868,120613,120219,120132,120413,121262,122491,123326,124009,125133,126387
315,09775,156780,157408,157641,157916,158524,159237,160361,161563,162762,163247,163464,163477,163828,164517,164920,165299,164020,164829,165957,167245,169078,170660,171779,173373,174702
316,09776,75628,75934,76205,76490,76729,76972,77515,78049,78549,78760,79205,79636,79954,80157,79983,79880,78384,78548,78790,79163,79908,80695,81055,81409,81825
317,09777,126744,127288,127943,128904,130039,131143,132008,132799,133625,134150,134559,134730,134513,134414,134209,133968,133520,133863,134445,135333,136802,137987,138772,139797,140749
318,09778,129534,130567,131235,131695,132330,133278,134245,135053,135585,135859,135760,135760,135825,135771,135504,135317,135374,135990,136934,138098,139566,140792,141855,143293,144691
319,09779,127165,127952,128363,128641,128957,129454,130046,130587,131128,131272,131064,130653,130278,129803,129449,129046,127986,128506,129181,129813,130774,131822,132671,133270,133640
320,09780,144328,144843,145166,145619,146336,147115,147890,148654,149304,149666,150190,150481,150628,150676,150320,150081,148674,149074,149968,150730,151827,153216,154164,154965,155685
321,10041,358587,357899,356857,354621,352597,351101,350292,349498,348117,346069,342847,340702,338153,336271,334208,332677,327374,326817,326308,325791,326492,328487,329872,329929,329211
322,10042,105518,105934,106091,106103,105962,105851,106088,106235,106309,106340,106302,106138,106009,105955,105554,105088,103735,103580,103328,103061,103492,103953,103782,103511,103305
323,10043,150224,150280,149995,149194,148369,147624,147031,146458,145954,145016,144203,143037,141984,140746,139219,137901,135394,134528,133661,133122,133378,133860,133641,132752,131807
324,10044,215500,215496,215361,213902,212574,212177,211599,211600,211804,211579,210779,209719,208383,206982,205266,203910,197898,197032,196294,195804,196321,196809,196212,195508,194760
325,10045,158394,158271,157869,157640,157615,157492,156983,156450,155936,155140,154458,153454,152374,151354,150168,149486,145394,144695,144071,143692,144058,144342,143751,143017,142414
326,10046,96067,96400,96316,96050,95748,95438,95262,95149,94951,94709,94412,93725,93063,92332,91580,90906,90073,89420,88842,88408,88576,88675,88162,87632,87202
327,11000,3471003,3466524,3445033,3414293,3393324,3384146,3385149,3390291,3391515,3387545,3391784,3399896,3407625,3424638,3434580,3446972,3302174,3350612,3398526,3445839,3494940,3547431,3594163,3629161,3657159
328,12051,87713,85979,84380,82384,80586,79185,77808,76712,75788,75212,74583,73886,73289,72753,72319,72032,71502,71265,71091,71032,71303,71619,71775,72005,72154
329,12052,127791,125658,123777,121452,117537,114864,112447,110094,108417,107013,105931,104621,103128,102095,101538,101834,100058,99944,99754,99543,99589,100052,100726,100628,99949
330,12053,81633,80416,79019,76933,74939,73058,71290,69387,67703,66175,64469,63177,62244,61640,60907,60436,59230,58800,58278,57834,57871,58143,58215,58055,57812
331,12054,144941,143705,142490,140620,139877,140281,141408,142666,144133,145133,146723,148126,149613,151809,153585,155516,156640,158530,160462,162755,165894,169778,173760,176900,179212
332,12060,150002,151903,156009,160689,164569,167804,169944,170775,171985,173737,175109,176107,176708,176743,176795,176793,172547,172883,173474,174368,176196,178388,180115,181812,184002
333,12061,143709,146479,149197,152833,156087,158193,159263,159608,159796,160468,161500,161799,161616,161547,161529,161862,160240,160211,160554,161373,163240,165301,166697,168193,169929
334,12062,137372,136595,136004,135225,133869,132101,130197,128158,126412,124904,123136,120969,118655,116559,114614,112854,109930,108368,106903,105577,104835,104535,103926,103047,102233
335,12063,130592,132905,135988,139658,143712,147439,150152,151989,152751,153432,154337,155073,155425,155335,155097,154941,152760,153105,153584,154641,156822,158961,160198,161310,162453
336,12064,172324,174312,177532,181603,185133,188158,189552,190702,191633,192496,192750,192674,192563,192215,191429,190884,187483,187005,187297,188045,189568,191200,192303,193625,195040
337,12065,168989,171896,175715,180887,186284,190463,192778,194466,195738,197508,198978,200597,201575,202115,202412,202971,201041,201681,202587,203955,206211,208082,209266,210571,212082
338,12066,157866,155916,154124,151777,149331,146737,143596,140586,137604,135135,133093,130818,128464,126310,124311,122575,117702,116055,114527,113369,112673,112206,111542,110799,109924
339,12067,189573,191678,193970,195867,196439,196489,195973,194831,193401,192477,191247,189948,188502,187462,185744,184428,178272,177406,176949,177337,180110,180623,178598,178503,178731
340,12068,116705,116888,116361,115803,115234,113489,112373,111460,110523,109488,108521,107442,106383,105301,104257,103366,100171,99439,99035,98915,98998,99262,99391,99223,98970
341,12069,169038,173141,177862,184551,190070,194526,197320,199196,200410,201614,202746,203455,204232,204479,204431,204907,203114,203890,204954,206509,209204,211559,212711,213939,215615
342,12070,102012,100942,99627,98566,97698,96469,94885,93413,91967,90511,89176,87819,86538,85019,83696,82610,80159,79187,78396,77772,77562,77693,77538,76886,76333
343,12071,149801,150409,151175,151692,150459,149267,147288,144744,142430,140241,138132,135914,134040,131773,129574,127411,122419,120875,119539,118465,117833,117231,116141,114943,114075
344,12072,147484,148935,151631,154451,157076,158958,160004,160381,160765,161111,161588,162009,162470,162278,162008,161577,159444,159599,160067,160968,162521,164162,165831,167593,169147
345,12073,161341,159705,158547,156744,154910,153051,150260,147268,144589,142549,140437,138305,136185,133941,131988,130555,124503,123108,121905,121078,120922,120946,120614,119951,119250
346,13001,61688,60269,58770,56964,55750,54833,53905,53289,52936,52793,52735,53176,53343,53733,54031,54250,-,-,-,-,-,-,-,-,-
347,13002,81786,79993,78352,76708,75452,74040,72620,71051,69790,68829,68462,67925,67148,66276,65471,65199,-,-,-,-,-,-,-,-,-
348,13003,230768,224226,217624,210391,205636,201938,199836,198512,198235,198093,199032,199325,199864,200617,200673,201754,201114,202350,203159,203799,205089,206762,207961,208648,209039
349,13004,116876,113147,109621,106620,104196,102180,100743,99470,98333,97436,96906,96473,96074,95729,95244,95112,91329,91296,91424,91861,94469,96234,95733,95808,95736
350,13005,66944,65341,63772,62426,61553,61144,60382,59540,59179,58995,58716,58563,58171,57981,57693,57664,-,-,-,-,-,-,-,-,-
351,13006,50870,49970,49216,48428,47795,47171,46834,46366,45912,45591,45421,45276,45039,44878,44499,44367,-,-,-,-,-,-,-,-,-
352,13051,98259,102804,107165,111582,114829,117162,118217,118740,119287,119709,119799,119637,119092,118406,117694,117235,-,-,-,-,-,-,-,-,-
353,13052,99244,98813,98396,97534,96627,95123,93651,92052,90560,89139,87549,85982,84418,82683,81235,80051,-,-,-,-,-,-,-,-,-
354,13053,116645,116191,115618,114761,114126,113217,111931,110599,109169,107978,106558,105071,103593,102021,100581,99470,-,-,-,-,-,-,-,-,-
355,13054,126192,127280,128821,130184,131486,132047,131414,131286,130674,129972,128880,127851,126744,125511,124036,123174,-,-,-,-,-,-,-,-,-
356,13055,85734,86837,87840,88478,88484,88219,87484,86745,85848,85032,83980,82956,81697,80300,79185,78083,-,-,-,-,-,-,-,-,-
357,13056,70581,70432,70414,70283,70238,70003,69674,69371,68996,68534,67890,67261,66804,66201,65531,64933,-,-,-,-,-,-,-,-,-
358,13057,117880,118704,119480,119639,119509,119079,118217,117079,115751,114531,112982,111591,110277,108698,107252,106160,-,-,-,-,-,-,-,-,-
359,13058,112696,115360,117457,119301,120458,121133,121289,120867,120794,120604,120408,119803,119018,118253,117411,116544,-,-,-,-,-,-,-,-,-
360,13059,115288,115272,115554,114990,115097,114861,114010,113024,112180,111471,110631,109774,108675,107573,106471,105480,-,-,-,-,-,-,-,-,-
361,13060,106863,107741,109001,109662,109422,109225,108341,107373,106043,104715,103262,102018,100726,99212,97693,96388,-,-,-,-,-,-,-,-,-
362,13061,79860,78761,78005,77320,76546,75848,74907,74050,73205,72588,71756,70824,70187,69342,68531,67848,-,-,-,-,-,-,-,-,-
363,13062,90070,89192,88499,87959,86994,85801,84341,82609,80937,79650,77890,76736,75812,74913,73595,72613,-,-,-,-,-,-,-,-,-
364,13071,-,-,-,-,-,-,-,-,-,-,-,-,-,-,-,-,267673,265427,263337,262073,262125,262167,261195,259852,258602
365,13072,-,-,-,-,-,-,-,-,-,-,-,-,-,-,-,-,212522,211298,210644,211217,212676,213709,214290,214874,215454
366,13073,-,-,-,-,-,-,-,-,-,-,-,-,-,-,-,-,225464,224235,223414,223290,224145,224896,225047,224904,224693
367,13074,-,-,-,-,-,-,-,-,-,-,-,-,-,-,-,-,156578,155903,155533,155345,155847,156548,156909,156861,157026
368,13075,-,-,-,-,-,-,-,-,-,-,-,-,-,-,-,-,241745,240131,238738,237941,238028,237866,237220,236882,236160
369,13076,-,-,-,-,-,-,-,-,-,-,-,-,-,-,-,-,214421,212975,212169,212298,213372,213338,212542,212570,212199
370,14161,271085,263194,263202,255748,265893,261320,257653,254278,251622,249205,247555,246096,245338,-,-,-,-,-,-,-,-,-,-,-,-
371,14166,68631,67717,67030,66420,72111,71819,71346,70921,70308,69752,69260,68614,68069,-,-,-,-,-,-,-,-,-,-,-,-
372,14167,103831,103977,102072,100113,104877,103609,102377,101348,100380,99310,98366,97296,96331,-,-,-,-,-,-,-,-,-,-,-,-
373,14171,92396,91715,91152,90512,89810,88846,87819,86723,85759,84758,83902,82916,81922,-,-,-,-,-,-,-,-,-,-,-,-
374,14173,152254,153384,154271,154869,142719,141800,140541,139015,137558,136510,135278,133738,132186,-,-,-,-,-,-,-,-,-,-,-,-
375,14177,155781,155826,156273,156145,155045,153881,152284,150622,149080,147472,145886,144094,142507,-,-,-,-,-,-,-,-,-,-,-,-
376,14178,216007,215738,214787,213310,205731,203585,201520,199309,197042,194899,192559,189972,187397,-,-,-,-,-,-,-,-,-,-,-,-
377,14181,99149,99047,97128,96572,95797,94946,94060,92928,91974,91051,90024,88748,87376,-,-,-,-,-,-,-,-,-,-,-,-
378,14182,143553,144471,144946,144938,139844,138920,137482,135923,134561,133133,131866,130357,128716,-,-,-,-,-,-,-,-,-,-,-,-
379,14188,99332,99515,94747,95055,94797,94354,93472,92600,91637,90866,90013,88903,87754,-,-,-,-,-,-,-,-,-,-,-,-
380,14191,150791,149118,147186,145203,143510,141579,139456,137338,135271,133501,131839,130030,128269,-,-,-,-,-,-,-,-,-,-,-,-
381,14193,145634,143736,144196,144183,136914,135816,134415,132809,131465,130355,129263,127892,126452,-,-,-,-,-,-,-,-,-,-,-,-
382,14262,472697,465968,464255,456478,477590,476683,478088,479073,481646,485178,489799,500471,505971,-,-,-,-,-,-,-,-,-,-,-,-
383,14263,67041,65391,63987,62760,63573,62301,60933,59775,58871,58338,57926,57418,56856,-,-,-,-,-,-,-,-,-,-,-,-
384,14264,61033,58990,56634,55318,53265,51336,49167,47160,45744,44486,43328,42048,40977,-,-,-,-,-,-,-,-,-,-,-,-
385,14272,162613,162332,161877,160851,159871,158464,156525,154708,153159,151766,150842,148945,147119,-,-,-,-,-,-,-,-,-,-,-,-
386,14280,163597,164847,160868,157621,153985,153564,152617,151613,150836,150401,150215,149292,148539,-,-,-,-,-,-,-,-,-,-,-,-
387,14284,112094,113418,113284,112944,109278,107057,104680,102529,100833,99251,97641,95820,94011,-,-,-,-,-,-,-,-,-,-,-,-
388,14285,127812,127477,126789,125614,124410,123129,121410,119719,118249,116932,115543,113764,111921,-,-,-,-,-,-,-,-,-,-,-,-
389,14286,164101,162737,161622,159998,158366,156426,153857,151169,148853,146968,144773,142117,139806,-,-,-,-,-,-,-,-,-,-,-,-
390,14287,158644,159934,161124,161304,149333,148056,146325,144462,143078,141999,140805,139212,137809,-,-,-,-,-,-,-,-,-,-,-,-
391,14290,114151,116000,118211,123814,124713,125204,125021,124398,123685,123016,122470,121517,120899,-,-,-,-,-,-,-,-,-,-,-,-
392,14292,158941,161640,164051,164867,156542,156309,155445,154361,153183,152245,150816,149340,147783,-,-,-,-,-,-,-,-,-,-,-,-
393,14365,477422,465118,452759,442142,490017,493287,492963,493627,495855,497396,499682,504798,507954,-,-,-,-,-,-,-,-,-,-,-,-
394,14374,96646,97609,98628,99108,127157,128718,127676,126521,125364,124556,123765,122500,121368,-,-,-,-,-,-,-,-,-,-,-,-
395,14375,81807,81210,80734,80165,79436,78519,77332,76141,74954,73879,73022,72063,71097,-,-,-,-,-,-,-,-,-,-,-,-
396,14379,231633,237464,243778,248849,160844,154320,153142,151893,150669,149637,148438,147282,146105,-,-,-,-,-,-,-,-,-,-,-,-
397,14383,121721,123847,126073,127488,136304,136515,135971,134886,133731,133017,132114,130817,129671,-,-,-,-,-,-,-,-,-,-,-,-
398,14389,105030,104809,104508,103878,103219,102358,101131,99932,98833,97961,96924,95562,94174,-,-,-,-,-,-,-,-,-,-,-,-
399,14511,291333,284982,278411,271696,265744,261235,257522,254209,251271,249144,247476,246144,245326,244280,243262,242943,240527,240877,241616,242772,246083,247499,246604,247046,246785
400,14521,435257,432764,430248,427358,423918,419646,414628,409585,404726,400176,395620,390572,385245,380115,374842,370394,361245,357189,353292,350446,348624,345901,342255,339035,336323
401,14522,377486,377200,377301,376517,374373,371093,367036,362755,358565,354589,350679,346592,342286,338059,333873,330318,321714,318633,315898,313651,312581,311478,309329,307169,305142
402,14523,284783,283450,281735,279817,277785,275406,272886,270126,267333,264558,261685,258604,255335,252037,248790,245850,239777,237335,235099,233180,232354,231685,230318,228690,226897
403,14524,392329,390761,389294,387248,384450,381211,377343,373279,369504,366176,362810,358997,354970,350866,346768,343530,335086,331793,328678,326100,324836,323317,321044,318760,316267
404,14612,496866,492509,486566,480925,477490,477238,478220,479430,481930,485527,491302,499989,506155,508970,513248,518982,514559,521435,527930,533531,540067,545499,549122,552861,555715
405,14625,374240,374201,373636,372137,369542,365835,361018,356189,352049,348459,344777,340385,335763,331331,326971,323402,315007,312258,309624,307460,306422,305482,303663,301757,300319
406,14626,343839,341742,338992,335466,330897,325732,319531,313483,308668,304475,300163,295315,290790,286783,283062,279017,269513,266244,263421,261178,260094,259169,257462,255741,253810
407,14627,278727,279179,279685,279403,278252,276511,273999,271357,269144,267345,265628,263209,260519,258046,255552,253834,247087,245477,244217,243731,244495,244567,243376,242514,241941
408,14628,268952,270749,272716,273928,274169,273319,271389,268985,266951,265207,263213,260904,258690,256520,254715,253007,246975,246101,245933,245947,246683,246739,245742,245515,245599
409,14713,523662,514773,505815,498542,494580,493540,493131,493924,496163,498011,500572,504615,508546,512192,516572,518562,505713,515441,526200,538021,552476,565780,576534,584919,590501
410,14729,277242,281906,286574,289771,290984,290853,289332,286871,284687,282708,280549,278286,275823,273250,270761,268529,261954,260066,258402,257622,258028,258371,258171,257886,257951
411,14730,230765,231943,233088,233112,232372,231021,228858,226440,224262,222493,220554,218160,215544,212867,209906,207418,201066,199346,197988,197194,197324,197834,197929,197734,197707
412,15001,.,.,.,.,.,.,.,.,.,.,.,.,90557,89318,88187,87316,85987,85047,84111,83339,82990,82712,82308,81674,80670
413,15002,287052,280025,273145,264889,258136,251178,245501,241118,238830,239718,237985,236576,234889,233462,232208,232231,230136,230967,231503,232018,234731,237498,238589,239215,239010
414,15003,262557,255188,248569,243317,237833,233396,231328,228995,227805,227305,227826,229344,229840,229857,229878,230694,228460,229417,230473,231664,234015,236930,238307,238588,238131
415,15081,105231,105418,105226,103809,102059,101533,100758,99942,98834,97751,96540,95313,93956,92647,91179,89986,88150,87251,86595,86192,86118,85700,84847,84111,83469
416,15082,.,.,.,.,.,.,.,.,.,.,.,.,186445,183484,180579,177971,171987,169651,167652,165952,164947,163959,162182,160559,159170
417,15083,.,.,.,.,.,.,.,.,.,.,.,.,186713,184180,181754,179765,175972,174600,173478,172892,173151,173216,172789,172177,171329
418,15084,.,.,.,.,.,.,.,.,.,.,.,.,203729,200678,197868,195287,189452,187115,185519,184506,184068,183628,182571,181079,179518
419,15085,.,.,.,.,.,.,.,.,.,.,.,.,242742,239441,236118,233531,226615,224143,222069,220331,220492,220505,217971,215373,213878
420,15086,.,.,.,.,.,.,.,.,.,.,.,.,100418,98983,97688,96799,93765,92805,92044,91540,91526,91519,90905,90197,89759
421,15087,.,.,.,.,.,.,.,.,.,.,.,.,159690,156815,153874,151429,147735,145697,143991,142650,141731,140595,138897,137131,135596
422,15088,.,.,.,.,.,.,.,.,.,.,.,.,205122,202595,200120,197925,191611,189982,188454,187100,186471,186191,185723,185038,184199
423,15089,.,.,.,.,.,.,.,.,.,.,.,.,220965,217409,214090,211062,205149,202498,199963,197733,196723,195635,193657,191650,189843
424,15090,148089,146792,145782,144394,143173,141679,139628,137713,136230,134618,132210,130436,128478,126551,124498,122769,119082,117467,116069,115070,114965,114828,113790,112584,111586
425,15091,.,.,.,.,.,.,.,.,.,.,.,.,144059,141999,139898,138084,132964,131427,130069,129080,128584,127948,127132,126328,125397
426,15101,92030,90578,89576,87807,86006,84266,82276,80295,79042,77973,78920,77914,-,-,-,-,-,-,-,-,-,-,-,-,-
427,15151,79551,79376,79372,79278,78986,78249,77268,76344,75320,74269,69529,68614,-,-,-,-,-,-,-,-,-,-,-,-,-
428,15153,73454,72781,72580,72156,71557,70716,69792,68805,67818,66872,65885,64860,-,-,-,-,-,-,-,-,-,-,-,-,-
429,15154,118052,117213,116302,114742,112895,110683,108165,105888,103825,101756,100556,99061,-,-,-,-,-,-,-,-,-,-,-,-,-
430,15159,72902,72617,72377,71892,71402,70979,70195,69320,68479,67334,66039,65125,-,-,-,-,-,-,-,-,-,-,-,-,-
431,15171,139566,139039,137959,136387,135116,133363,130893,128827,126935,125164,123456,121668,-,-,-,-,-,-,-,-,-,-,-,-,-
432,15202,287052,280025,273145,264889,258136,251178,245501,241118,238830,239718,237985,236576,-,-,-,-,-,-,-,-,-,-,-,-,-
433,15256,150649,149092,148075,146940,145808,144238,142332,140361,138509,136751,134803,132764,-,-,-,-,-,-,-,-,-,-,-,-,-
434,15260,114419,113314,112407,111508,110358,108898,107349,105727,104134,102538,100970,99396,-,-,-,-,-,-,-,-,-,-,-,-,-
435,15261,140483,140137,139145,138156,137310,136200,134686,133256,131363,133197,132170,130901,-,-,-,-,-,-,-,-,-,-,-,-,-
436,15265,67067,70298,74080,77463,79783,81432,81863,81543,81199,77366,76732,76117,-,-,-,-,-,-,-,-,-,-,-,-,-
437,15266,72420,71822,71205,70516,69800,68851,67672,66632,65749,64798,63905,62986,-,-,-,-,-,-,-,-,-,-,-,-,-
438,15268,81612,81479,81346,80731,79984,79383,78348,77200,76147,75294,74517,73624,-,-,-,-,-,-,-,-,-,-,-,-,-
439,15303,262557,255188,248569,243317,237833,233396,231328,228995,227805,227305,227826,229344,-,-,-,-,-,-,-,-,-,-,-,-,-
440,15352,109893,108947,108077,107038,105750,104510,103107,101290,99417,97705,96137,94489,-,-,-,-,-,-,-,-,-,-,-,-,-
441,15355,81220,81472,81974,81886,81356,80952,79178,78617,77828,76912,75939,74909,-,-,-,-,-,-,-,-,-,-,-,-,-
442,15357,81852,81778,81445,81084,80407,79905,79162,78248,77497,76744,76246,75395,-,-,-,-,-,-,-,-,-,-,-,-,-
443,15358,99887,101139,101799,101325,101481,101070,100425,99452,98318,97202,97773,96509,-,-,-,-,-,-,-,-,-,-,-,-,-
444,15362,109196,111874,114295,116567,117606,118094,117852,117289,116865,116192,115268,114020,-,-,-,-,-,-,-,-,-,-,-,-,-
445,15363,148089,146792,145782,144394,143173,141679,139628,137713,136230,134618,132210,130436,-,-,-,-,-,-,-,-,-,-,-,-,-
446,15364,83578,82805,81915,81176,80343,79412,78296,77265,76283,75242,73843,72636,-,-,-,-,-,-,-,-,-,-,-,-,-
447,15367,80849,80300,79837,79278,78744,77935,76903,75858,74803,73768,72760,71562,-,-,-,-,-,-,-,-,-,-,-,-,-
448,15369,98758,98054,97779,97313,96807,96090,95404,94846,94180,93324,92439,91565,-,-,-,-,-,-,-,-,-,-,-,-,-
449,15370,105231,105418,105226,103809,102059,101533,100758,99942,98834,97751,96540,95313,-,-,-,-,-,-,-,-,-,-,-,-,-
450,16051,212532,209889,206844,204323,202165,200849,200356,199953,200552,202012,202636,202723,202592,202880,203248,204239,201295,202719,204183,205550,208169,210616,212051,213344,213840
451,16052,124971,122440,120094,117665,115706,113920,111543,108961,107328,105830,104655,103446,102202,101159,100311,99623,96008,95565,95181,94735,95252,95381,94805,94506,93639
452,16053,101724,100774,99958,99052,99419,99763,100174,101031,101232,102199,102263,102291,102390,102627,103538,104392,106228,106672,107297,107943,108867,109924,110710,111253,111375
453,16054,53986,53246,51932,50720,49742,48711,47463,46260,45148,44173,43193,42283,41426,40650,39813,39136,36846,36269,35816,35937,36493,36193,35387,35001,36872
454,16055,62257,61987,61986,62201,62343,62421,62814,63690,64154,64439,64445,64541,64526,64684,64854,65225,62851,63061,63276,63396,63804,64243,64391,64758,65159
455,16056,45642,45124,44799,44547,44475,44486,44354,44248,44213,44076,43856,43703,43487,43156,42915,42757,41743,41726,41656,41726,42151,42503,42649,42540,42310
456,16061,117688,117247,116771,115844,114999,114439,113749,112997,112093,111226,110510,109522,108433,107470,106529,105644,102231,101609,101132,100841,101028,101179,100839,100513,100193
457,16062,102166,101510,101058,100464,99714,99045,98124,97192,96117,95078,94106,93100,92211,91354,90649,90122,87135,86328,85651,85218,85205,85227,84898,84260,83619
458,16063,149204,148603,147838,147075,146042,145215,144230,143121,141854,140360,139035,137485,135942,134320,132675,131217,128634,127666,126755,126059,125745,125192,124247,123395,119350
459,16064,122529,122172,121487,121081,120813,120211,118997,117827,116694,115613,114609,113331,112196,111158,110058,109183,106042,105315,104596,104084,104598,104611,103726,103208,102572
460,16065,98454,97818,97077,96381,95657,94835,93686,92440,91326,90185,88904,87757,86239,84573,83234,82056,79954,79041,78137,77402,77129,76898,76252,75414,74611
461,16066,147298,146514,146103,145456,144876,144111,143069,141784,140329,139157,137992,136580,135045,133512,131958,130627,127632,126625,125891,125315,124840,124065,123229,122650,125281
462,16067,148331,148406,149254,149339,149623,149113,147945,147024,146088,145050,144310,143119,141948,140737,139402,138428,136351,135681,135266,135268,136106,136131,135476,135487,135180
463,16068,82593,82538,82482,82256,81912,81541,80690,79991,79150,78263,77344,76478,75667,74783,74009,73308,71802,71275,70919,70685,70569,70359,70073,69841,69541
464,16069,75292,75064,75019,74868,74406,74002,73563,72998,72362,71774,71327,70605,69851,69026,68235,67454,66354,65774,65286,64853,64599,64427,64127,63738,63375
465,16070,123542,123051,122837,122800,122613,122172,121390,120736,119865,118787,117497,116404,115052,113886,113016,112432,110428,109833,109245,108929,109260,109394,108999,108786,106436
466,16071,88602,89688,90923,91588,91824,91617,91129,90589,89888,89171,88534,87792,86994,86091,85257,84808,82648,82237,81860,81673,81884,82222,82224,82039,82052
467,16072,71139,70455,69881,69389,68805,68122,67596,66953,66134,65344,64508,63539,62749,61896,60923,60250,58807,58134,57527,57031,56814,56663,56434,56279,58064
468,16073,139575,138591,137819,136492,134807,133582,131948,130305,128789,127314,125886,124340,122617,120658,119018,117566,113097,112009,110885,109977,109462,108797,107842,106862,103671
469,16074,91893,92334,93028,93605,93605,93520,93584,93157,92640,91953,91119,90267,89400,88568,87868,87025,84942,84480,84142,83984,85075,85355,83758,83021,83001
470,16075,102541,101906,101415,100828,100061,99142,98083,97077,96026,94984,93921,92703,91487,90477,89210,88275,85705,84847,84045,83271,82919,82657,81932,81185,80590
471,16076,127502,127179,126974,126335,125572,124540,123153,121794,120316,118832,117231,115387,113593,111760,109840,108304,105229,103881,102732,101775,101248,100416,99496,98717,97779
472,16077,121152,119998,118959,117790,116429,114934,113347,111659,110127,108563,107215,105532,104081,102572,100949,99490,96516,95289,94177,93155,92525,91976,91129,90384,89756
